dateUtc,date,instrumentName,transactionType,note,reference,dealId,dealReference,size,currency,status,pnl,profitAndLoss,realizedPnl,cash
2026-09-30T00:16:53.735,2026-09-30T04:16:53.735,BTCUSD,TRADE,Trade closed,140282065741469,00000000-66d5-dda4-0493-972c0004511e,,-0.02,AED,PROCESSED,,,,
2026-09-30T00:16:09.255,2026-09-30T04:16:09.255,BTCUSD,TRADE,Trade closed,140282019603892,00000000-66d5-dda4-0493-972c0004511e,,-0.58,AED,PROCESSED,,,,
2026-09-30T00:16:09.255,2026-09-30T04:16:09.255,BTCUSD,TRADE,Trade closed,140282019603891,00000000-66d5-dc05-0493-972c0004511e,,-0.04,AED,PROCESSED,,,,
2026-09-30T00:15:34.318,2026-09-30T04:15:34.318,US500,TRADE,Trade closed,140281982903543,00000000-66d5-dd7d-0493-972c0004511e,,-0.03,AED,PROCESSED,,,,
2026-09-30T00:15:33.359,2026-09-30T04:15:33.359,US500,TRADE,Trade closed,140281981854965,00000000-66d5-d7b7-0493-972c0004511e,,0.04,AED,PROCESSED,,,,
2026-09-30T00:15:32.280,2026-09-30T04:15:32.280,US500,TRADE,Trade closed,140281980806387,00000000-66d5-d761-0493-972c0004511e,,0.04,AED,PROCESSED,,,,
2026-09-30T00:15:31.282,2026-09-30T04:15:31.282,US500,TRADE,Trade closed,140281979757810,00000000-66d5-d6bb-0493-972c0004511e,,-0.04,AED,PROCESSED,,,,
2026-09-30T00:15:30.272,2026-09-30T04:15:30.272,US500,TRADE,Trade closed,140281978709231,00000000-66d5-d61f-0493-972c0004511e,,0.08,AED,PROCESSED,,,,
2026-09-30T00:15:17.008,2026-09-30T04:15:17.008,BTCUSD,TRADE,Trade closed,140281965077708,00000000-66d5-d9b2-0493-972c0004511e,,-0.11,AED,PROCESSED,,,,
2026-09-30T00:15:17.008,2026-09-30T04:15:17.008,BTCUSD,TRADE,Trade closed,140281965077709,00000000-66d5-dc05-0493-972c0004511e,,-0.36,AED,PROCESSED,,,,
2026-09-30T00:14:24.879,2026-09-30T04:14:24.879,US100,TRADE,Trade closed,140281909503004,00000000-66d5-d79d-0493-972c0004511e,,0.08,AED,PROCESSED,,,,
2026-09-30T00:14:23.867,2026-09-30T04:14:23.867,US100,TRADE,Trade closed,140281908454425,00000000-66d5-d73d-0493-972c0004511e,,0.03,AED,PROCESSED,,,,
2026-09-30T00:14:21.609,2026-09-30T04:14:21.609,OIL_CRUDE,TRADE,Trade closed,140281906357265,00000000-66d5-ddb9-0493-972c0004511e,,0.02,AED,PROCESSED,,,,
2026-09-30T00:14:17.218,2026-09-30T04:14:17.218,US500,TRADE,Trade closed,140281902162934,00000000-66d5-dbca-0493-972c0004511e,,0.3,AED,PROCESSED,,,,
2026-09-30T00:14:16.141,2026-09-30T04:14:16.141,US500,TRADE,Trade closed,140281901114357,00000000-66d5-d971-0493-972c0004511e,,0.0,AED,PROCESSED,,,,
2026-09-30T00:14:13.413,2026-09-30T04:14:13.413,US100,TRADE,Trade closed,140281897968622,00000000-66d5-d957-0493-972c0004511e,,0.01,AED,PROCESSED,,,,
2026-09-30T00:13:51.806,2026-09-30T04:13:51.806,US100,TRADE,Trade closed,140281874899853,00000000-66d5-d60c-0493-972c0004511e,,0.11,AED,PROCESSED,,,,
2026-09-30T00:12:38.888,2026-09-30T04:12:38.888,US100,TRADE,Trade closed,140281798353608,00000000-66d5-dba0-0493-972c0004511e,,0.18,AED,PROCESSED,,,,
2026-09-30T00:11:51.519,2026-09-30T04:11:51.519,OIL_CRUDE,TRADE,Trade closed,140281749070387,00000000-66d5-d7ff-0493-972c0004511e,,0.24,AED,PROCESSED,,,,
2026-09-30T00:11:39.671,2026-09-30T04:11:39.671,BTCUSD,TRADE,Trade closed,140281736487425,00000000-66d5-d7de-0493-972c0004511e,,-1.49,AED,PROCESSED,,,,
2026-09-30T00:11:39.406,2026-09-30T04:11:39.406,BTCUSD,TRADE,Trade closed,140281736487422,00000000-66d5-d774-0493-972c0004511e,,-1.49,AED,PROCESSED,,,,
2026-09-30T00:10:02.029,2026-09-30T04:10:02.029,BTCUSD,TRADE,Trade closed,140281634775042,00000000-66d5-d6eb-0493-972c0004511e,,-1.45,AED,PROCESSED,,,,
2026-09-30T00:09:55.507,2026-09-30T04:09:55.507,BTCUSD,TRADE,Trade closed,140281627434982,00000000-66d5-d638-0493-972c0004511e,,-1.4,AED,PROCESSED,,,,
2026-09-30T00:09:55.178,2026-09-30T04:09:55.178,BTCUSD,TRADE,Trade closed,140281627434980,00000000-66d5-d569-0493-972c0004511e,,-1.57,AED,PROCESSED,,,,
2026-09-30T00:09:45.176,2026-09-30T04:09:45.176,BTCUSD,TRADE,Trade closed,140281616949196,00000000-66d5-d430-0493-972c0004511e,,-0.46,AED,PROCESSED,,,,
2026-09-30T00:07:11.511,2026-09-30T04:07:11.511,US100,TRADE,Trade closed,140281455467958,00000000-66d5-d528-0493-972c0004511e,,0.01,AED,PROCESSED,,,,
2026-09-30T00:06:01.629,2026-09-30T04:06:01.629,BTCUSD,TRADE,Trade closed,140281382066962,00000000-66d5-d05c-0493-972c0004511e,,0.34,AED,PROCESSED,,,,
2026-09-30T00:05:58.969,2026-09-30T04:05:58.969,US500,TRADE,Trade closed,140281378921205,00000000-66d5-cf74-0493-972c0004511e,,0.99,AED,PROCESSED,,,,
2026-09-30T00:05:57.970,2026-09-30T04:05:57.970,US500,TRADE,Trade closed,140281377872623,00000000-66d5-d030-0493-972c0004511e,,0.99,AED,PROCESSED,,,,
2026-09-30T00:05:56.917,2026-09-30T04:05:56.917,US500,TRADE,Trade closed,140281376824044,00000000-66d5-ce74-0493-972c0004511e,,3.77,AED,PROCESSED,,,,
2026-09-30T00:05:54.274,2026-09-30T04:05:54.274,US100,TRADE,Trade closed,140281374726881,00000000-66d5-ce42-0493-972c0004511e,,0.49,AED,PROCESSED,,,,
2026-09-30T00:05:39.643,2026-09-30T04:05:39.643,US100,TRADE,Trade closed,140281358998010,00000000-66d5-cf57-0493-972c0004511e,,0.33,AED,PROCESSED,,,,
2026-09-30T00:05:38.625,2026-09-30T04:05:38.625,US100,TRADE,Trade closed,140281357949430,00000000-66d5-d016-0493-972c0004511e,,0.56,AED,PROCESSED,,,,
2026-09-30T00:03:29.597,2026-09-30T04:03:29.597,US100,TRADE,Trade closed,140281222682312,00000000-66d5-cd48-0493-972c0004511e,,1.69,AED,PROCESSED,,,,
2026-09-29T23:58:55.990,2026-09-30T03:58:55.990,SILVER,TRADE,Trade closed,140280936419065,00000000-66d5-ab55-0493-972c0004511e,,-0.61,AED,PROCESSED,,,,
2026-09-29T23:58:55.990,2026-09-30T03:58:55.990,SILVER,TRADE,Trade closed,140280936419068,00000000-66d5-b961-0493-972c0004511e,,-0.14,AED,PROCESSED,,,,
2026-09-29T23:58:55.990,2026-09-30T03:58:55.990,SILVER,TRADE,Trade closed,140280936419066,00000000-66d5-b25d-0493-972c0004511e,,-0.69,AED,PROCESSED,,,,
2026-09-29T23:58:55.990,2026-09-30T03:58:55.990,SILVER,TRADE,Trade closed,140280936419067,00000000-66d5-b81d-0493-972c0004511e,,-0.21,AED,PROCESSED,,,,
2026-09-29T23:58:55.990,2026-09-30T03:58:55.990,SILVER,TRADE,Trade closed,140280936419070,00000000-66d5-c353-0493-972c0004511e,,-0.01,AED,PROCESSED,,,,
2026-09-29T23:58:55.990,2026-09-30T03:58:55.990,SILVER,TRADE,Trade closed,140280936419069,00000000-66d5-bdaa-0493-972c0004511e,,-0.17,AED,PROCESSED,,,,
2026-09-29T23:58:55.830,2026-09-30T03:58:55.830,US100,TRADE,Trade closed,140280935370484,00000000-66d5-b2a2-0493-972c0004511e,,-0.59,AED,PROCESSED,,,,
2026-09-29T23:58:55.830,2026-09-30T03:58:55.830,US100,TRADE,Trade closed,140280935370488,00000000-66d5-c391-0493-972c0004511e,,-0.01,AED,PROCESSED,,,,
2026-09-29T23:58:55.830,2026-09-30T03:58:55.830,US100,TRADE,Trade closed,140280935370485,00000000-66d5-b33b-0493-972c0004511e,,-0.08,AED,PROCESSED,,,,
2026-09-29T23:58:55.830,2026-09-30T03:58:55.830,US100,TRADE,Trade closed,140280935370487,00000000-66d5-c1e6-0493-972c0004511e,,-0.06,AED,PROCESSED,,,,
2026-09-29T23:58:55.830,2026-09-30T03:58:55.830,US100,TRADE,Trade closed,140280935370486,00000000-66d5-bd20-0493-972c0004511e,,-0.08,AED,PROCESSED,,,,
2026-09-29T23:58:55.830,2026-09-30T03:58:55.830,US100,TRADE,Trade closed,140280935370483,00000000-66d5-a8cd-0493-972c0004511e,,-0.81,AED,PROCESSED,,,,
2026-09-29T23:58:55.673,2026-09-30T03:58:55.673,US500,TRADE,Trade closed,140280935370478,00000000-66d5-c217-0493-972c0004511e,,-0.1,AED,PROCESSED,,,,
2026-09-29T23:58:55.673,2026-09-30T03:58:55.673,US500,TRADE,Trade closed,140280935370479,00000000-66d5-c310-0493-972c0004511e,,-0.07,AED,PROCESSED,,,,
2026-09-29T23:58:55.673,2026-09-30T03:58:55.673,US500,TRADE,Trade closed,140280935370481,00000000-66d5-c3ba-0493-972c0004511e,,-0.13,AED,PROCESSED,,,,
2026-09-29T23:58:55.673,2026-09-30T03:58:55.673,US500,TRADE,Trade closed,140280935370477,00000000-66d5-bd46-0493-972c0004511e,,-0.16,AED,PROCESSED,,,,
2026-09-29T23:58:55.553,2026-09-30T03:58:55.553,GOLD,TRADE,Trade closed,140280935370475,00000000-66d5-bd8d-0493-972c0004511e,,-0.15,AED,PROCESSED,,,,
2026-09-29T23:58:55.553,2026-09-30T03:58:55.553,GOLD,TRADE,Trade closed,140280935370476,00000000-66d5-c48d-0493-972c0004511e,,-0.02,AED,PROCESSED,,,,
2026-09-29T23:58:06.142,2026-09-30T03:58:06.142,GOLD,TRADE,Trade closed,140280883990053,00000000-66d5-c32f-0493-972c0004511e,,0.24,AED,PROCESSED,,,,
2026-09-29T23:57:34.217,2026-09-30T03:57:34.217,US100,TRADE,Trade closed,140280850435496,00000000-66d5-c2ec-0493-972c0004511e,,0.11,AED,PROCESSED,,,,
2026-09-29T23:56:01.227,2026-09-30T03:56:01.227,SILVER,TRADE,Trade closed,140280752917537,00000000-66d5-ac18-0493-972c0004511e,,-1.47,AED,PROCESSED,,,,
2026-09-29T23:56:00.101,2026-09-30T03:56:00.101,SILVER,TRADE,Trade closed,140280751868957,00000000-66d5-b106-0493-972c0004511e,,-1.45,AED,PROCESSED,,,,
2026-09-29T23:55:52.660,2026-09-30T03:55:52.660,US100,TRADE,Trade closed,140280743480236,00000000-66d5-a7fe-0493-972c0004511e,,-0.24,AED,PROCESSED,,,,
2026-09-29T23:55:52.424,2026-09-30T03:55:52.424,US500,TRADE,Trade closed,140280743480214,00000000-66d5-b34c-0493-972c0004511e,,-0.31,AED,PROCESSED,,,,
2026-09-29T23:55:52.424,2026-09-30T03:55:52.424,US500,TRADE,Trade closed,140280743480212,00000000-66d5-ae5e-0493-972c0004511e,,-1.66,AED,PROCESSED,,,,
2026-09-29T23:55:52.424,2026-09-30T03:55:52.424,US500,TRADE,Trade closed,140280743480213,00000000-66d5-b2c7-0493-972c0004511e,,-1.66,AED,PROCESSED,,,,
2026-09-29T23:55:52.251,2026-09-30T03:55:52.251,US100,TRADE,Trade closed,140280743480176,00000000-66d5-a771-0493-972c0004511e,,-1.49,AED,PROCESSED,,,,
2026-09-29T23:55:15.314,2026-09-30T03:55:15.314,US500,TRADE,Trade closed,140280704682636,00000000-66d5-a8e0-0493-972c0004511e,,-1.45,AED,PROCESSED,,,,
2026-09-29T23:54:59.646,2026-09-30T03:54:59.646,BTCUSD,TRADE,Trade closed,140280687905248,00000000-66d5-bd62-0493-972c0004511e,,0.02,AED,PROCESSED,,,,
2026-09-29T23:50:49.524,2026-09-30T03:50:49.524,US100,TRADE,Trade closed,140280425760074,00000000-66d5-b860-0493-972c0004511e,,-0.01,AED,PROCESSED,,,,
2026-09-29T23:50:47.024,2026-09-30T03:50:47.024,US100,TRADE,Trade closed,140280423662918,00000000-66d5-b916-0493-972c0004511e,,0.0,AED,PROCESSED,,,,
2026-09-29T23:50:33.012,2026-09-30T03:50:33.012,US500,TRADE,Trade closed,140280408982820,00000000-66d5-bab9-0493-972c0004511e,,0.03,AED,PROCESSED,,,,
2026-09-29T23:50:17.525,2026-09-30T03:50:17.525,US100,TRADE,Trade closed,140280392205566,00000000-66d5-ba8a-0493-972c0004511e,,0.04,AED,PROCESSED,,,,
2026-09-29T23:49:03.454,2026-09-30T03:49:03.454,US500,TRADE,Trade closed,140280314610636,00000000-66d5-a812-0493-972c0004511e,,-0.26,AED,PROCESSED,,,,
2026-09-29T23:48:01.854,2026-09-30T03:48:01.854,US500,TRADE,Trade closed,140280249598647,00000000-66d5-a78b-0493-972c0004511e,,-1.25,AED,PROCESSED,,,,
2026-09-29T23:45:38.311,2026-09-30T03:45:38.311,SILVER,TRADE,Trade closed,140280099651548,00000000-66d5-a4ac-0493-972c0004511e,,-1.57,AED,PROCESSED,,,,
2026-09-29T23:45:19.460,2026-09-30T03:45:19.460,SILVER,TRADE,Trade closed,140280079728476,00000000-66d5-a45c-0493-972c0004511e,,-1.5,AED,PROCESSED,,,,
2026-09-29T23:43:46.783,2026-09-30T03:43:46.783,BTCUSD,TRADE,Trade closed,140279982210547,00000000-66d5-ae8b-0493-972c0004511e,,0.54,AED,PROCESSED,,,,
2026-09-29T23:43:42.737,2026-09-30T03:43:42.737,US100,TRADE,Trade closed,140279978016238,00000000-66d5-ae3e-0493-972c0004511e,,0.09,AED,PROCESSED,,,,
2026-09-29T23:42:38.485,2026-09-30T03:42:38.485,US500,TRADE,Trade closed,140279910907295,00000000-66d5-ab1b-0493-972c0004511e,,0.04,AED,PROCESSED,,,,
2026-09-29T23:41:10.209,2026-09-30T03:41:10.209,US500,TRADE,Trade closed,140279818632320,00000000-66d5-ac6d-0493-972c0004511e,,-0.04,AED,PROCESSED,,,,
2026-09-29T23:41:09.202,2026-09-30T03:41:09.202,US500,TRADE,Trade closed,140279817583737,00000000-66d5-abd3-0493-972c0004511e,,0.08,AED,PROCESSED,,,,
2026-09-29T23:40:31.114,2026-09-30T03:40:31.114,US100,TRADE,Trade closed,140279777737759,00000000-66d5-ac53-0493-972c0004511e,,0.1,AED,PROCESSED,,,,
2026-09-29T23:40:30.114,2026-09-30T03:40:30.114,US100,TRADE,Trade closed,140279776689181,00000000-66d5-aba8-0493-972c0004511e,,0.05,AED,PROCESSED,,,,
2026-09-29T23:40:29.102,2026-09-30T03:40:29.102,US100,TRADE,Trade closed,140279775640602,00000000-66d5-aad3-0493-972c0004511e,,0.0,AED,PROCESSED,,,,
2026-09-29T23:38:17.357,2026-09-30T03:38:17.357,US500,TRADE,Trade closed,140279637228303,00000000-66d5-9f71-0493-972c0004511e,,-1.49,AED,PROCESSED,,,,
2026-09-29T23:38:15.317,2026-09-30T03:38:15.317,US100,TRADE,Trade closed,140279635131139,00000000-66d5-a4ec-0493-972c0004511e,,-4.62,AED,PROCESSED,,,,
2026-09-29T23:38:04.068,2026-09-30T03:38:04.068,US500,TRADE,Trade closed,140279623596765,00000000-66d5-a33f-0493-972c0004511e,,-1.32,AED,PROCESSED,,,,
2026-09-29T23:38:04.068,2026-09-30T03:38:04.068,US500,TRADE,Trade closed,140279623596766,00000000-66d5-a3ec-0493-972c0004511e,,-1.45,AED,PROCESSED,,,,
2026-09-29T23:38:04.068,2026-09-30T03:38:04.068,US500,TRADE,Trade closed,140279623596767,00000000-66d5-a482-0493-972c0004511e,,-1.45,AED,PROCESSED,,,,
2026-09-29T23:38:04.068,2026-09-30T03:38:04.068,US500,TRADE,Trade closed,140279623596768,00000000-66d5-a50b-0493-972c0004511e,,-1.21,AED,PROCESSED,,,,
2026-09-29T23:36:16.410,2026-09-30T03:36:16.410,US500,TRADE,Trade closed,140279510350409,00000000-66d5-99d6-0493-972c0004511e,,-1.66,AED,PROCESSED,,,,
2026-09-29T23:36:16.410,2026-09-30T03:36:16.410,US500,TRADE,Trade closed,140279510350408,00000000-66d5-95fd-0493-972c0004511e,,-1.43,AED,PROCESSED,,,,
2026-09-29T23:35:16.654,2026-09-30T03:35:16.654,US500,TRADE,Trade closed,140279447435549,00000000-66d5-9bec-0493-972c0004511e,,-1.12,AED,PROCESSED,,,,
2026-09-29T23:35:14.367,2026-09-30T03:35:14.367,US500,TRADE,Trade closed,140279445338379,00000000-66d5-9b4a-0493-972c0004511e,,-1.58,AED,PROCESSED,,,,
2026-09-29T23:35:14.367,2026-09-30T03:35:14.367,US500,TRADE,Trade closed,140279445338378,00000000-66d5-9a84-0493-972c0004511e,,-1.58,AED,PROCESSED,,,,
2026-09-29T23:32:25.194,2026-09-30T03:32:25.194,SILVER,TRADE,Trade closed,140279268128669,00000000-66d5-a304-0493-972c0004511e,,0.11,AED,PROCESSED,,,,
2026-09-29T23:32:24.191,2026-09-30T03:32:24.191,SILVER,TRADE,Trade closed,140279267080090,00000000-66d5-9adf-0493-972c0004511e,,0.18,AED,PROCESSED,,,,
2026-09-29T23:32:23.188,2026-09-30T03:32:23.188,SILVER,TRADE,Trade closed,140279266031511,00000000-66d5-9a30-0493-972c0004511e,,0.24,AED,PROCESSED,,,,
2026-09-29T23:32:12.469,2026-09-30T03:32:12.469,US500,TRADE,Trade closed,140279254497122,00000000-66d5-a149-0493-972c0004511e,,0.0,AED,PROCESSED,,,,
2026-09-29T23:32:01.036,2026-09-30T03:32:01.036,SILVER,TRADE,Trade closed,140279242962705,00000000-66d5-a0e5-0493-972c0004511e,,0.05,AED,PROCESSED,,,,
2026-09-29T23:32:00.020,2026-09-30T03:32:00.020,SILVER,TRADE,Trade closed,140279241914125,00000000-66d5-9b9b-0493-972c0004511e,,0.22,AED,PROCESSED,,,,
2026-09-29T23:31:59.013,2026-09-30T03:31:59.013,SILVER,TRADE,Trade closed,140279240865548,00000000-66d5-9966-0493-972c0004511e,,0.27,AED,PROCESSED,,,,
2026-09-29T23:31:24.320,2026-09-30T03:31:24.320,OIL_CRUDE,TRADE,Trade closed,140279204165180,00000000-66d5-a15e-0493-972c0004511e,,0.97,AED,PROCESSED,,,,
2026-09-29T23:29:14.898,2026-09-30T03:29:14.898,OIL_CRUDE,TRADE,Trade closed,140279067850031,00000000-66d5-9f8a-0493-972c0004511e,,0.1,AED,PROCESSED,,,,
2026-09-29T23:27:07.578,2026-09-30T03:27:07.578,SILVER,TRADE,Trade closed,140278934680543,00000000-66d5-8b70-0493-972c0004511e,,-0.28,AED,PROCESSED,,,,
2026-09-29T23:22:55.250,2026-09-30T03:22:55.250,US500,TRADE,Trade closed,140278670438884,00000000-66d5-8d5e-0493-972c0004511e,,0.28,AED,PROCESSED,,,,
2026-09-29T23:21:56.654,2026-09-30T03:21:56.654,US100,TRADE,Trade closed,140278608572702,00000000-66d5-95ce-0493-972c0004511e,,0.72,AED,PROCESSED,,,,
2026-09-29T23:21:32.890,2026-09-30T03:21:32.890,BTCUSD,TRADE,Trade closed,140278583406828,00000000-66d5-8dcc-0493-972c0004511e,,0.01,AED,PROCESSED,,,,
2026-09-29T23:21:25.807,2026-09-30T03:21:25.807,BTCUSD,TRADE,Trade closed,140278576066768,00000000-66d5-961f-0493-972c0004511e,,0.17,AED,PROCESSED,,,,
2026-09-29T23:19:18.353,2026-09-30T03:19:18.353,US100,TRADE,Trade closed,140278442897353,00000000-66d5-8cc8-0493-972c0004511e,,0.16,AED,PROCESSED,,,,
2026-09-29T23:09:27.109,2026-09-30T03:09:27.109,GOLD,TRADE,Trade closed,140277823187272,00000000-66d5-71d7-0493-972c0004511e,,-3.71,AED,PROCESSED,,,,
2026-09-29T23:09:27.109,2026-09-30T03:09:27.109,GOLD,TRADE,Trade closed,140277823187273,00000000-66d5-7b4d-0493-972c0004511e,,-0.33,AED,PROCESSED,,,,
2026-09-29T23:09:27.042,2026-09-30T03:09:27.042,SILVER,TRADE,Trade closed,140277823187271,00000000-66d5-7b75-0493-972c0004511e,,-0.51,AED,PROCESSED,,,,
2026-09-29T23:09:27.042,2026-09-30T03:09:27.042,SILVER,TRADE,Trade closed,140277823187270,00000000-66d5-71ea-0493-972c0004511e,,-3.92,AED,PROCESSED,,,,
2026-09-29T23:09:26.931,2026-09-30T03:09:26.931,US100,TRADE,Trade closed,140277822138692,00000000-66d5-71a1-0493-972c0004511e,,-0.43,AED,PROCESSED,,,,
2026-09-29T23:09:26.931,2026-09-30T03:09:26.931,US100,TRADE,Trade closed,140277822138693,00000000-66d5-7c21-0493-972c0004511e,,-0.35,AED,PROCESSED,,,,
2026-09-29T23:06:51.945,2026-09-30T03:06:51.945,BTCUSD,TRADE,Trade closed,140277659609105,00000000-66d5-7c53-0493-972c0004511e,,-1.2,AED,PROCESSED,,,,
2026-09-29T23:04:48.505,2026-09-30T03:04:48.505,BTCUSD,TRADE,Trade closed,140277530633980,00000000-66d5-749d-0493-972c0004511e,,-1.09,AED,PROCESSED,,,,
2026-09-29T23:03:52.142,2026-09-30T03:03:52.142,US100,TRADE,Trade closed,140277471913629,00000000-66d5-7154-0493-972c0004511e,,0.02,AED,PROCESSED,,,,
2026-09-29T23:02:53.061,2026-09-30T03:02:53.061,US100,TRADE,Trade closed,140277410047565,00000000-66d5-712b-0493-972c0004511e,,0.01,AED,PROCESSED,,,,
2026-09-29T23:02:52.016,2026-09-30T03:02:52.016,US100,TRADE,Trade closed,140277408998988,00000000-66d5-70f0-0493-972c0004511e,,0.04,AED,PROCESSED,,,,
2026-09-29T22:59:35.487,2026-09-30T02:59:35.487,US100,TRADE,Trade closed,140277202429002,00000000-66d5-7480-0493-972c0004511e,,0.0,AED,PROCESSED,,,,
2026-09-29T22:55:43.016,2026-09-30T02:55:43.016,US100,TRADE,Trade closed,140276959158936,00000000-66d5-70b6-0493-972c0004511e,,0.0,AED,PROCESSED,,,,
2026-09-29T22:38:37.834,2026-09-30T02:38:37.834,US100,TRADE,Trade closed,140275883317589,00000000-66d5-5d0b-0493-972c0004511e,,-0.19,AED,PROCESSED,,,,
2026-09-29T22:38:37.834,2026-09-30T02:38:37.834,US100,TRADE,Trade closed,140275883317594,00000000-66d5-5fba-0493-972c0004511e,,-0.12,AED,PROCESSED,,,,
2026-09-29T22:38:37.834,2026-09-30T02:38:37.834,US100,TRADE,Trade closed,140275883317590,00000000-66d5-5e09-0493-972c0004511e,,-0.2,AED,PROCESSED,,,,
2026-09-29T22:38:37.834,2026-09-30T02:38:37.834,US100,TRADE,Trade closed,140275883317585,00000000-66d5-5a80-0493-972c0004511e,,-0.49,AED,PROCESSED,,,,
2026-09-29T22:38:37.834,2026-09-30T02:38:37.834,US100,TRADE,Trade closed,140275883317593,00000000-66d5-5f63-0493-972c0004511e,,-0.15,AED,PROCESSED,,,,
2026-09-29T22:38:37.834,2026-09-30T02:38:37.834,US100,TRADE,Trade closed,140275883317584,00000000-66d5-5a2d-0493-972c0004511e,,-0.37,AED,PROCESSED,,,,
2026-09-29T22:38:37.834,2026-09-30T02:38:37.834,US100,TRADE,Trade closed,140275883317591,00000000-66d5-5e8f-0493-972c0004511e,,-0.23,AED,PROCESSED,,,,
2026-09-29T22:38:37.834,2026-09-30T02:38:37.834,US100,TRADE,Trade closed,140275883317588,00000000-66d5-5c90-0493-972c0004511e,,-0.43,AED,PROCESSED,,,,
2026-09-29T22:38:37.834,2026-09-30T02:38:37.834,US100,TRADE,Trade closed,140275883317587,00000000-66d5-5b89-0493-972c0004511e,,-0.37,AED,PROCESSED,,,,
2026-09-29T22:38:37.834,2026-09-30T02:38:37.834,US100,TRADE,Trade closed,140275883317586,00000000-66d5-5ad3-0493-972c0004511e,,-0.42,AED,PROCESSED,,,,
2026-09-29T22:38:37.834,2026-09-30T02:38:37.834,US100,TRADE,Trade closed,140275883317592,00000000-66d5-5ee9-0493-972c0004511e,,-0.17,AED,PROCESSED,,,,
2026-09-29T22:30:28.803,2026-09-30T02:30:28.803,US100,TRADE,Trade closed,140275370561174,00000000-66d5-5b1b-0493-972c0004511e,,0.01,AED,PROCESSED,,,,
2026-09-29T22:30:26.781,2026-09-30T02:30:26.781,US100,TRADE,Trade closed,140275368464019,00000000-66d5-5bd8-0493-972c0004511e,,-0.01,AED,PROCESSED,,,,
2026-09-29T22:28:38.091,2026-09-30T02:28:38.091,US100,TRADE,Trade closed,140275255217295,00000000-66d5-4f01-0493-972c0004511e,,0.01,AED,PROCESSED,,,,
2026-09-29T22:28:18.468,2026-09-30T02:28:18.468,US100,TRADE,Trade closed,140275234245610,00000000-66d5-4f01-0493-972c0004511e,,-0.07,AED,PROCESSED,,,,
2026-09-29T22:27:57.409,2026-09-30T02:27:57.409,US100,TRADE,Trade closed,140275212225464,00000000-66d5-4f01-0493-972c0004511e,,-0.05,AED,PROCESSED,,,,
2026-09-29T22:27:39.803,2026-09-30T02:27:39.803,US100,TRADE,Trade closed,140275193351029,00000000-66d5-4f01-0493-972c0004511e,,-0.1,AED,PROCESSED,,,,
2026-09-29T22:27:22.288,2026-09-30T02:27:22.288,US100,TRADE,Trade closed,140275175525097,00000000-66d5-4f01-0493-972c0004511e,,-0.24,AED,PROCESSED,,,,
2026-09-29T22:26:57.853,2026-09-30T02:26:57.853,US100,TRADE,Trade closed,140275149310613,00000000-66d5-4f01-0493-972c0004511e,,-0.26,AED,PROCESSED,,,,
2026-09-29T22:06:14.955,2026-09-30T02:06:14.955,SILVER,TRADE,Trade closed,140273846057975,00000000-66d3-c321-0493-972c0004511e,,-10.15,AED,PROCESSED,,,,
2026-09-29T21:49:55.391,2026-09-30T01:49:55.391,US500,TRADE,Trade closed,140272819495218,00000000-66d5-2cd2-0493-972c0004511e,,-0.06,AED,PROCESSED,,,,
2026-09-29T21:49:55.338,2026-09-30T01:49:55.338,GBPJPY,TRADE,Trade closed,140272819495217,00000000-66d5-2c11-0493-972c0004511e,,-5.32,AED,PROCESSED,,,,
2026-09-29T21:45:51.852,2026-09-30T01:45:51.852,US500,TRADE,Trade closed,140272563642538,00000000-66d3-a6f2-0493-972c0004511e,,-1.78,AED,PROCESSED,,,,
2026-09-29T21:45:51.799,2026-09-30T01:45:51.799,USDJPY,TRADE,Trade closed,140272563642537,00000000-66d5-123b-0493-972c0004511e,,-2.91,AED,PROCESSED,,,,
2026-09-29T21:05:01.873,2026-09-30T01:05:01.873,EURUSD,TRADE,Trade closed,140269994623893,00000000-66d3-a690-0493-972c0004511e,,-1.31,AED,PROCESSED,,,,
2026-09-29T20:54:52.536,2026-09-30T00:54:52.536,US100,TRADE,Trade closed,140269355933295,00000000-66d3-bee4-0493-972c0004511e,,0.87,AED,PROCESSED,,,,
2026-09-29T20:54:52.536,2026-09-30T00:54:52.536,US100,TRADE,Trade closed,140269355933296,00000000-66d3-d05e-0493-972c0004511e,,0.0,AED,PROCESSED,,,,
2026-09-29T20:54:49.611,2026-09-30T00:54:49.611,USDJPY,TRADE,Trade closed,140269352787552,00000000-66d3-a6b0-0493-972c0004511e,,1.03,AED,PROCESSED,,,,
2026-09-29T20:42:14.607,2026-09-30T00:42:14.607,SILVER,TRADE,Trade closed,140268561108147,00000000-66d3-6fae-0493-972c0004511e,,-10.33,AED,PROCESSED,,,,
2026-09-29T20:40:04.174,2026-09-30T00:40:04.174,US100,TRADE,Trade closed,140268424791726,00000000-66d3-a6d1-0493-972c0004511e,,-2.87,AED,PROCESSED,,,,
2026-09-29T20:20:19.122,2026-09-30T00:20:19.122,EURUSD,TRADE,Trade closed,140267182352665,00000000-66d3-6f07-0493-972c0004511e,,1.5,AED,PROCESSED,,,,
2026-09-29T20:18:04.536,2026-09-30T00:18:04.536,GOLD,TRADE,Trade closed,140267040794412,00000000-66d3-6f49-0493-972c0004511e,,1.46,AED,PROCESSED,,,,
2026-09-29T20:01:54.168,2026-09-30T00:01:54.168,USDJPY,TRADE,Trade closed,140266023670904,00000000-66d3-6f54-0493-972c0004511e,,1.47,AED,PROCESSED,,,,
2026-09-29T19:52:12.629,2026-09-29T23:52:12.629,GOLD,TRADE,Trade closed,140265413354454,00000000-66d3-6006-0493-972c0004511e,,-0.65,AED,PROCESSED,,,,
2026-09-29T19:52:12.572,2026-09-29T23:52:12.572,US100,TRADE,Trade closed,140265413354452,00000000-66d3-6369-0493-972c0004511e,,2.86,AED,PROCESSED,,,,
2026-09-29T19:52:12.523,2026-09-29T23:52:12.523,US500,TRADE,Trade closed,140265413354451,00000000-66d3-63bd-0493-972c0004511e,,0.76,AED,PROCESSED,,,,
2026-09-29T19:47:41.224,2026-09-29T23:47:41.224,USDJPY,TRADE,Trade closed,140265129188971,00000000-66d3-1fdf-0493-972c0004511e,,-4.22,AED,PROCESSED,,,,
2026-09-29T19:47:41.167,2026-09-29T23:47:41.167,GOLD,TRADE,Trade closed,140265129188970,00000000-66d3-504e-0493-972c0004511e,,-0.42,AED,PROCESSED,,,,
2026-09-29T19:47:41.115,2026-09-29T23:47:41.115,SILVER,TRADE,Trade closed,140265129188968,00000000-66d3-5085-0493-972c0004511e,,-0.96,AED,PROCESSED,,,,
2026-09-29T19:47:41.064,2026-09-29T23:47:41.064,EURUSD,TRADE,Trade closed,140265129188967,00000000-66d3-4f88-0493-972c0004511e,,-3.5,AED,PROCESSED,,,,
2026-09-29T19:47:41.011,2026-09-29T23:47:41.011,GBPUSD,TRADE,Trade closed,140265129188965,00000000-66d2-f53c-0493-972c0004511e,,-0.21,AED,PROCESSED,,,,
2026-09-29T19:40:06.751,2026-09-29T23:40:06.751,GOLD,TRADE,Trade closed,140264652083588,00000000-66d3-38dc-0493-972c0004511e,,1.88,AED,PROCESSED,,,,
2026-09-29T19:09:13.140,2026-09-29T23:09:13.140,USDJPY,TRADE,Trade closed,140262709061334,00000000-66d2-c107-0493-972c0004511e,,0.21,AED,PROCESSED,,,,
2026-09-29T19:09:13.140,2026-09-29T23:09:13.140,USDJPY,TRADE,Trade closed,140262709061338,00000000-66d2-cae7-0493-972c0004511e,,0.26,AED,PROCESSED,,,,
2026-09-29T19:09:13.140,2026-09-29T23:09:13.140,USDJPY,TRADE,Trade closed,140262709061330,00000000-66d2-2f63-0493-972c0004511e,,0.53,AED,PROCESSED,,,,
2026-09-29T19:09:13.140,2026-09-29T23:09:13.140,USDJPY,TRADE,Trade closed,140262709061339,00000000-66d2-cb9a-0493-972c0004511e,,0.32,AED,PROCESSED,,,,
2026-09-29T19:09:13.140,2026-09-29T23:09:13.140,USDJPY,TRADE,Trade closed,140262709061341,00000000-66d2-f1bb-0493-972c0004511e,,-0.11,AED,PROCESSED,,,,
2026-09-29T19:09:13.140,2026-09-29T23:09:13.140,USDJPY,TRADE,Trade closed,140262709061331,00000000-66d2-6cd2-0493-972c0004511e,,0.95,AED,PROCESSED,,,,
2026-09-29T19:09:13.140,2026-09-29T23:09:13.140,USDJPY,TRADE,Trade closed,140262709061342,00000000-66d2-f2cd-0493-972c0004511e,,-0.06,AED,PROCESSED,,,,
2026-09-29T19:09:13.140,2026-09-29T23:09:13.140,USDJPY,TRADE,Trade closed,140262709061333,00000000-66d2-c03f-0493-972c0004511e,,0.22,AED,PROCESSED,,,,
2026-09-29T19:09:13.140,2026-09-29T23:09:13.140,USDJPY,TRADE,Trade closed,140262709061332,00000000-66d2-be5c-0493-972c0004511e,,0.18,AED,PROCESSED,,,,
2026-09-29T19:09:13.140,2026-09-29T23:09:13.140,USDJPY,TRADE,Trade closed,140262709061335,00000000-66d2-c88a-0493-972c0004511e,,0.01,AED,PROCESSED,,,,
2026-09-29T19:09:13.140,2026-09-29T23:09:13.140,USDJPY,TRADE,Trade closed,140262709061340,00000000-66d2-cc57-0493-972c0004511e,,0.34,AED,PROCESSED,,,,
2026-09-29T19:09:13.140,2026-09-29T23:09:13.140,USDJPY,TRADE,Trade closed,140262709061336,00000000-66d2-c973-0493-972c0004511e,,0.18,AED,PROCESSED,,,,
2026-09-29T18:38:54.587,2026-09-29T22:38:54.587,AUDUSD,TRADE,Trade closed,140260801682369,00000000-66d1-b9d2-0493-972c0004511e,,-1.96,AED,PROCESSED,,,,
2026-09-29T18:38:33.762,2026-09-29T22:38:33.762,AUDUSD,TRADE,Trade closed,140260779661641,00000000-66d1-7836-0493-972c0004511e,,-1.93,AED,PROCESSED,,,,
2026-09-29T18:22:05.818,2026-09-29T22:22:05.818,AUDUSD,TRADE,Trade closed,140259743654855,00000000-66d2-8ae8-0493-972c0004511e,,-2.05,AED,PROCESSED,,,,
2026-09-29T18:22:05.818,2026-09-29T22:22:05.818,AUDUSD,TRADE,Trade closed,140259743654854,00000000-66d1-d4bd-0493-972c0004511e,,-1.98,AED,PROCESSED,,,,
2026-09-29T18:06:54.475,2026-09-29T22:06:54.475,AUDUSD,TRADE,Trade closed,140258788389015,00000000-66d2-2f34-0493-972c0004511e,,-0.72,AED,PROCESSED,,,,
2026-09-29T18:05:25.874,2026-09-29T22:05:25.874,AUDUSD,TRADE,Trade closed,140258695064268,00000000-66d2-6c78-0493-972c0004511e,,-1.02,AED,PROCESSED,,,,
2026-09-29T18:04:57.075,2026-09-29T22:04:57.075,AUDUSD,TRADE,Trade closed,140258665703388,00000000-66d2-2583-0493-972c0004511e,,-0.37,AED,PROCESSED,,,,
2026-09-29T18:02:37.020,2026-09-29T22:02:37.020,GBPUSD,TRADE,Trade closed,140258518899273,00000000-6685-195b-0493-972c0004511e,,-9.11,AED,PROCESSED,,,,
2026-09-29T18:02:11.801,2026-09-29T22:02:11.801,EURUSD,TRADE,Trade closed,140258491635660,00000000-66d2-2f0b-0493-972c0004511e,,-0.43,AED,PROCESSED,,,,
2026-09-29T18:02:07.061,2026-09-29T22:02:07.061,GBPUSD,TRADE,Trade closed,140258487441086,00000000-66d1-9aff-0493-972c0004511e,,-1.56,AED,PROCESSED,,,,
2026-09-29T17:46:11.737,2026-09-29T21:46:11.737,EURUSD,TRADE,Trade closed,140257485120179,00000000-66d1-d3e6-0493-972c0004511e,,3.03,AED,PROCESSED,,,,
2026-09-29T17:04:55.755,2026-09-29T21:04:55.755,AUDUSD,TRADE,Trade closed,140254888830057,00000000-66d1-94cd-0493-972c0004511e,,1.29,AED,PROCESSED,,,,
2026-09-29T15:47:41.561,2026-09-29T19:47:41.561,USDJPY,TRADE,Trade closed,140250029683417,00000000-6685-17ce-0493-972c0004511e,,-1.07,AED,PROCESSED,,,,
2026-09-29T15:47:22.604,2026-09-29T19:47:22.604,AUDUSD,TRADE,Trade closed,140250009759130,00000000-6684-cf23-0493-972c0004511e,,0.57,AED,PROCESSED,,,,
2026-09-29T15:31:48.352,2026-09-29T19:31:48.352,USDJPY,TRADE,Trade closed,140249030376468,00000000-6684-cfa8-0493-972c0004511e,,1.82,AED,PROCESSED,,,,
2026-09-29T15:28:13.733,2026-09-29T19:28:13.733,EURUSD,TRADE,Trade closed,140248804927496,00000000-6685-1913-0493-972c0004511e,,1.52,AED,PROCESSED,,,,
2026-09-29T15:10:39.397,2026-09-29T19:10:39.397,AUDUSD,TRADE,Trade closed,140247699711104,00000000-6684-bb31-0493-972c0004511e,,4.66,AED,PROCESSED,,,,
2026-09-29T15:10:11.908,2026-09-29T19:10:11.908,GBPUSD,TRADE,Trade closed,140247670350709,00000000-6684-cec6-0493-972c0004511e,,2.58,AED,PROCESSED,,,,
2026-09-29T13:55:47.983,2026-09-29T17:55:47.983,GBPUSD,TRADE,Trade closed,140242989569434,00000000-6683-d743-0493-972c0004511e,,-5.22,AED,PROCESSED,,,,
2026-09-29T13:55:47.924,2026-09-29T17:55:47.924,EURUSD,TRADE,Trade closed,140242989569433,00000000-6683-d6b8-0493-972c0004511e,,-0.37,AED,PROCESSED,,,,
2026-09-29T13:55:47.871,2026-09-29T17:55:47.871,AUDUSD,TRADE,Trade closed,140242989569432,00000000-6683-d7a2-0493-972c0004511e,,-0.68,AED,PROCESSED,,,,
2026-09-29T13:55:47.871,2026-09-29T17:55:47.871,AUDUSD,TRADE,Trade closed,140242989569431,00000000-6683-9afc-0493-972c0004511e,,-2.53,AED,PROCESSED,,,,
2026-09-29T13:37:48.624,2026-09-29T17:37:48.624,EURUSD,TRADE,Trade closed,140241858134981,00000000-6683-a6ef-0493-972c0004511e,,1.19,AED,PROCESSED,,,,
2026-09-29T13:10:56.135,2026-09-29T17:10:56.135,USDJPY,TRADE,Trade closed,140240167807109,00000000-6683-892d-0493-972c0004511e,,-1.01,AED,PROCESSED,,,,
2026-09-29T13:10:56.076,2026-09-29T17:10:56.076,GBPUSD,TRADE,Trade closed,140240167807108,00000000-6683-88c5-0493-972c0004511e,,-1.52,AED,PROCESSED,,,,
2026-09-29T13:04:46.807,2026-09-29T17:04:46.807,GOLD,TRADE,Trade closed,140239779829676,00000000-6683-5ae1-0493-972c0004511e,,-7.56,AED,PROCESSED,,,,
2026-09-29T13:04:46.807,2026-09-29T17:04:46.807,GOLD,TRADE,Trade closed,140239779829677,00000000-6683-6451-0493-972c0004511e,,0.01,AED,PROCESSED,,,,
2026-09-29T13:04:46.807,2026-09-29T17:04:46.807,GOLD,TRADE,Trade closed,140239779829679,00000000-6683-6480-0493-972c0004511e,,0.02,AED,PROCESSED,,,,
2026-09-29T13:04:46.807,2026-09-29T17:04:46.807,GOLD,TRADE,Trade closed,140239779829678,00000000-6683-6461-0493-972c0004511e,,0.01,AED,PROCESSED,,,,
2026-09-29T13:04:46.807,2026-09-29T17:04:46.807,GOLD,TRADE,Trade closed,140239779829680,00000000-6683-6490-0493-972c0004511e,,0.03,AED,PROCESSED,,,,
2026-09-29T13:04:46.740,2026-09-29T17:04:46.740,US500,TRADE,Trade closed,140239779829675,00000000-6682-d5ef-0493-972c0004511e,,-0.75,AED,PROCESSED,,,,
2026-09-29T13:04:46.679,2026-09-29T17:04:46.679,US100,TRADE,Trade closed,140239779829674,00000000-6682-db9d-0493-972c0004511e,,-1.25,AED,PROCESSED,,,,
2026-09-29T12:37:47.197,2026-09-29T16:37:47.197,EURUSD,TRADE,Trade closed,140238082171637,00000000-6683-026f-0493-972c0004511e,,-9.82,AED,PROCESSED,,,,
2026-09-29T12:35:32.061,2026-09-29T16:35:32.061,AUDUSD,TRADE,Trade closed,140237940612834,00000000-6683-02f1-0493-972c0004511e,,-7.24,AED,PROCESSED,,,,
2026-09-29T12:27:45.058,2026-09-29T16:27:45.058,GBPUSD,TRADE,Trade closed,140237450922145,00000000-6683-02c1-0493-972c0004511e,,-10.18,AED,PROCESSED,,,,
2026-09-29T11:51:18.663,2026-09-29T15:51:18.663,US500,TRADE,Trade closed,140235157796250,00000000-6682-c76b-0493-972c0004511e,,3.32,AED,PROCESSED,,,,
2026-09-29T11:51:13.300,2026-09-29T15:51:13.300,US100,TRADE,Trade closed,140235152553274,00000000-6682-c711-0493-972c0004511e,,3.4,AED,PROCESSED,,,,
2026-09-29T11:31:39.456,2026-09-29T15:31:39.456,US100,TRADE,Trade closed,140233921508263,00000000-6682-af1c-0493-972c0004511e,,-0.22,AED,PROCESSED,,,,
2026-09-29T11:31:39.402,2026-09-29T15:31:39.402,USDJPY,TRADE,Trade closed,140233921508262,00000000-6682-6851-0493-972c0004511e,,0.23,AED,PROCESSED,,,,
2026-09-29T11:31:39.343,2026-09-29T15:31:39.343,US500,TRADE,Trade closed,140233921508260,00000000-6682-af4d-0493-972c0004511e,,-0.13,AED,PROCESSED,,,,
2026-09-29T11:31:39.343,2026-09-29T15:31:39.343,US500,TRADE,Trade closed,140233921508259,00000000-6682-56ff-0493-972c0004511e,,4.01,AED,PROCESSED,,,,
2026-09-29T11:31:39.267,2026-09-29T15:31:39.267,GOLD,TRADE,Trade closed,140233921508257,00000000-6682-5649-0493-972c0004511e,,-5.45,AED,PROCESSED,,,,
2026-09-29T11:28:34.216,2026-09-29T15:28:34.216,AUDUSD,TRADE,Trade closed,140233727519976,00000000-6682-3faa-0493-972c0004511e,,-4.66,AED,PROCESSED,,,,
2026-09-29T10:55:05.148,2026-09-29T14:55:05.148,US100,TRADE,Trade closed,140231620911410,00000000-6682-56a5-0493-972c0004511e,,1.57,AED,PROCESSED,,,,
2026-09-29T10:35:30.909,2026-09-29T14:35:30.909,US500,TRADE,Trade closed,140230388826805,00000000-6682-3a1d-0493-972c0004511e,,-0.17,AED,PROCESSED,,,,
2026-09-29T10:35:30.909,2026-09-29T14:35:30.909,US500,TRADE,Trade closed,140230388826803,00000000-6680-bd5c-0493-972c0004511e,,-0.03,AED,PROCESSED,,,,
2026-09-29T10:35:30.909,2026-09-29T14:35:30.909,US500,TRADE,Trade closed,140230388826804,00000000-6680-fffe-0493-972c0004511e,,-0.13,AED,PROCESSED,,,,
2026-09-29T10:35:30.813,2026-09-29T14:35:30.813,SILVER,TRADE,Trade closed,140230388826802,00000000-6682-0659-0493-972c0004511e,,-1.06,AED,PROCESSED,,,,
2026-09-29T10:35:30.813,2026-09-29T14:35:30.813,SILVER,TRADE,Trade closed,140230388826801,00000000-6681-898f-0493-972c0004511e,,-0.72,AED,PROCESSED,,,,
2026-09-29T10:35:30.734,2026-09-29T14:35:30.734,GOLD,TRADE,Trade closed,140230388826800,00000000-667b-4b66-0493-972c0004511e,,-1.36,AED,PROCESSED,,,,
2026-09-29T10:35:30.681,2026-09-29T14:35:30.681,AUDCAD,TRADE,Trade closed,140230388826799,00000000-6681-3d85-0493-972c0004511e,,-0.28,AED,PROCESSED,,,,
2026-09-29T10:35:30.681,2026-09-29T14:35:30.681,AUDCAD,TRADE,Trade closed,140230388826798,00000000-6680-d76a-0493-972c0004511e,,-0.21,AED,PROCESSED,,,,
2026-09-29T10:35:30.598,2026-09-29T14:35:30.598,US100,TRADE,Trade closed,140230388826797,00000000-6682-39d9-0493-972c0004511e,,-0.12,AED,PROCESSED,,,,
2026-09-29T10:35:30.598,2026-09-29T14:35:30.598,US100,TRADE,Trade closed,140230388826793,00000000-6680-ff83-0493-972c0004511e,,0.11,AED,PROCESSED,,,,
2026-09-29T10:35:30.598,2026-09-29T14:35:30.598,US100,TRADE,Trade closed,140230388826791,00000000-6680-bd35-0493-972c0004511e,,0.13,AED,PROCESSED,,,,
2026-09-29T10:35:30.598,2026-09-29T14:35:30.598,US100,TRADE,Trade closed,140230388826792,00000000-6680-f239-0493-972c0004511e,,0.04,AED,PROCESSED,,,,
2026-09-29T10:35:30.598,2026-09-29T14:35:30.598,US100,TRADE,Trade closed,140230388826796,00000000-6682-2cbe-0493-972c0004511e,,0.06,AED,PROCESSED,,,,
2026-09-29T10:35:30.598,2026-09-29T14:35:30.598,US100,TRADE,Trade closed,140230388826795,00000000-6682-06db-0493-972c0004511e,,0.41,AED,PROCESSED,,,,
2026-09-29T10:35:30.598,2026-09-29T14:35:30.598,US100,TRADE,Trade closed,140230388826794,00000000-6682-0370-0493-972c0004511e,,0.5,AED,PROCESSED,,,,
2026-09-29T10:35:30.434,2026-09-29T14:35:30.434,GBPUSD,TRADE,Trade closed,140230388826789,00000000-6682-05ee-0493-972c0004511e,,-1.54,AED,PROCESSED,,,,
2026-09-29T10:35:30.434,2026-09-29T14:35:30.434,GBPUSD,TRADE,Trade closed,140230388826788,00000000-6681-b5ac-0493-972c0004511e,,-0.8,AED,PROCESSED,,,,
2026-09-29T10:35:30.434,2026-09-29T14:35:30.434,GBPUSD,TRADE,Trade closed,140230388826790,00000000-6682-2b8d-0493-972c0004511e,,-0.76,AED,PROCESSED,,,,
2026-09-29T10:35:30.333,2026-09-29T14:35:30.333,AUDUSD,TRADE,Trade closed,140230388826786,00000000-6682-066a-0493-972c0004511e,,-0.57,AED,PROCESSED,,,,
2026-09-29T10:35:30.333,2026-09-29T14:35:30.333,AUDUSD,TRADE,Trade closed,140230388826787,00000000-6682-2bd6-0493-972c0004511e,,-0.24,AED,PROCESSED,,,,
2026-09-29T10:35:30.333,2026-09-29T14:35:30.333,AUDUSD,TRADE,Trade closed,140230388826784,00000000-6681-b655-0493-972c0004511e,,-0.56,AED,PROCESSED,,,,
2026-09-29T10:35:30.333,2026-09-29T14:35:30.333,AUDUSD,TRADE,Trade closed,140230388826785,00000000-6682-02f2-0493-972c0004511e,,-0.9,AED,PROCESSED,,,,
2026-09-29T10:35:30.333,2026-09-29T14:35:30.333,AUDUSD,TRADE,Trade closed,140230388826783,00000000-6681-482a-0493-972c0004511e,,-0.17,AED,PROCESSED,,,,
2026-09-29T10:35:30.333,2026-09-29T14:35:30.333,AUDUSD,TRADE,Trade closed,140230388826782,00000000-6680-e4f0-0493-972c0004511e,,-0.15,AED,PROCESSED,,,,
2026-09-29T10:35:17.588,2026-09-29T14:35:17.588,NZDUSD,TRADE,Trade closed,140230375195263,00000000-6681-89ed-0493-972c0004511e,,0.03,AED,PROCESSED,,,,
2026-09-29T10:32:37.230,2026-09-29T14:32:37.230,AUDCHF,TRADE,Trade closed,140230207422215,00000000-6680-a50d-0493-972c0004511e,,-0.69,AED,PROCESSED,,,,
2026-09-29T10:30:47.869,2026-09-29T14:30:47.869,GOLD,TRADE,Trade closed,140230092077959,00000000-667b-6238-0493-972c0004511e,,-1.71,AED,PROCESSED,,,,
2026-09-29T10:29:26.058,2026-09-29T14:29:26.058,USDJPY,TRADE,Trade closed,140230007142631,00000000-6682-06c5-0493-972c0004511e,,-1.06,AED,PROCESSED,,,,
2026-09-29T10:21:03.208,2026-09-29T14:21:03.208,USDJPY,TRADE,Trade closed,140229479706855,00000000-6680-b346-0493-972c0004511e,,0.7,AED,PROCESSED,,,,
2026-09-29T10:21:03.208,2026-09-29T14:21:03.208,USDJPY,TRADE,Trade closed,140229479706856,00000000-6681-b72c-0493-972c0004511e,,0.7,AED,PROCESSED,,,,
2026-09-29T10:21:03.208,2026-09-29T14:21:03.208,USDJPY,TRADE,Trade closed,140229479706854,00000000-667c-39c4-0493-972c0004511e,,0.74,AED,PROCESSED,,,,
2026-09-29T09:57:55.402,2026-09-29T13:57:55.402,CADJPY,TRADE,Trade closed,140228024273599,00000000-6681-0a71-0493-972c0004511e,,-9.43,AED,PROCESSED,,,,
2026-09-29T09:30:24.347,2026-09-29T13:30:24.347,US100,TRADE,Trade closed,140226293062008,00000000-6681-89d2-0493-972c0004511e,,-0.29,AED,PROCESSED,,,,
2026-09-29T09:01:52.761,2026-09-29T13:01:52.761,SILVER,TRADE,Trade closed,140224497889273,00000000-6680-7af1-0493-972c0004511e,,1.83,AED,PROCESSED,,,,
2026-09-29T08:47:39.260,2026-09-29T12:47:39.260,USDCAD,TRADE,Trade closed,140223603449190,00000000-6681-5712-0493-972c0004511e,,0.01,AED,PROCESSED,,,,
2026-09-29T08:47:31.721,2026-09-29T12:47:31.721,NZDJPY,TRADE,Trade closed,140223595060525,00000000-6680-a526-0493-972c0004511e,,0.04,AED,PROCESSED,,,,
2026-09-29T08:47:09.864,2026-09-29T12:47:09.864,USDCHF,TRADE,Trade closed,140223571991778,00000000-6681-6738-0493-972c0004511e,,0.46,AED,PROCESSED,,,,
2026-09-29T08:47:09.864,2026-09-29T12:47:09.864,USDCHF,TRADE,Trade closed,140223571991777,00000000-6680-b382-0493-972c0004511e,,1.47,AED,PROCESSED,,,,
2026-09-29T08:23:00.615,2026-09-29T12:23:00.615,GBPJPY,TRADE,Trade closed,140222052597094,00000000-6681-0d4d-0493-972c0004511e,,-0.61,AED,PROCESSED,,,,
2026-09-29T08:03:55.123,2026-09-29T12:03:55.123,EURJPY,TRADE,Trade closed,140220851967684,00000000-6681-0cb7-0493-972c0004511e,,-1.06,AED,PROCESSED,,,,
2026-09-29T07:36:13.661,2026-09-29T11:36:13.661,USDCAD,TRADE,Trade closed,140219109223378,00000000-6680-9e0f-0493-972c0004511e,,0.47,AED,PROCESSED,,,,
2026-09-29T07:36:04.076,2026-09-29T11:36:04.076,GBPUSD,TRADE,Trade closed,140219099786147,00000000-6680-9cea-0493-972c0004511e,,1.74,AED,PROCESSED,,,,
2026-09-29T07:35:54.212,2026-09-29T11:35:54.212,EURUSD,TRADE,Trade closed,140219089300339,00000000-6680-c854-0493-972c0004511e,,1.32,AED,PROCESSED,,,,
2026-09-29T07:24:35.761,2026-09-29T11:24:35.761,EURGBP,TRADE,Trade closed,140218377310356,00000000-6680-e58c-0493-972c0004511e,,-0.95,AED,PROCESSED,,,,
2026-09-29T07:16:59.834,2026-09-29T11:16:59.834,GBPCHF,TRADE,Trade closed,140217899156687,00000000-6680-d70d-0493-972c0004511e,,-0.37,AED,PROCESSED,,,,
2026-09-29T07:16:48.855,2026-09-29T11:16:48.855,EURCHF,TRADE,Trade closed,140217887622283,00000000-6680-98fe-0493-972c0004511e,,-0.9,AED,PROCESSED,,,,
2026-09-29T07:13:39.121,2026-09-29T11:13:39.121,EURCHF,TRADE,Trade closed,140217689440264,00000000-6680-bef4-0493-972c0004511e,,-0.26,AED,PROCESSED,,,,
2026-09-29T07:13:24.366,2026-09-29T11:13:24.366,EURCHF,TRADE,Trade closed,140217673842649,00000000-6680-c3f0-0493-972c0004511e,,-0.26,AED,PROCESSED,,,,
2026-09-29T07:10:00.569,2026-09-29T11:10:00.569,GBPCHF,TRADE,Trade closed,140217459931710,00000000-6680-9957-0493-972c0004511e,,0.44,AED,PROCESSED,,,,
2026-09-29T07:01:09.731,2026-09-29T11:01:09.731,CADJPY,TRADE,Trade closed,140216903132842,00000000-6680-556f-0493-972c0004511e,,-0.61,AED,PROCESSED,,,,
2026-09-29T06:58:17.817,2026-09-29T10:58:17.817,CADJPY,TRADE,Trade closed,140216722775713,00000000-6680-6cba-0493-972c0004511e,,-0.63,AED,PROCESSED,,,,
2026-09-29T06:54:49.875,2026-09-29T10:54:49.875,GBPJPY,TRADE,Trade closed,140216504671046,00000000-6680-53e1-0493-972c0004511e,,-1.07,AED,PROCESSED,,,,
2026-09-29T06:44:21.446,2026-09-29T10:44:21.446,GBPJPY,TRADE,Trade closed,140215846162016,00000000-6680-69f1-0493-972c0004511e,,-1.08,AED,PROCESSED,,,,
2026-09-29T06:39:15.940,2026-09-29T10:39:15.940,CADJPY,TRADE,Trade closed,140215525296495,00000000-667f-e4e8-0493-972c0004511e,,0.39,AED,PROCESSED,,,,
2026-09-29T06:35:30.201,2026-09-29T10:35:30.201,EURGBP,TRADE,Trade closed,140215289366096,00000000-6680-9f16-0493-972c0004511e,,-0.34,AED,PROCESSED,,,,
2026-09-29T06:35:19.698,2026-09-29T10:35:19.698,EURGBP,TRADE,Trade closed,140215277831725,00000000-667e-f561-0493-972c0004511e,,0.11,AED,PROCESSED,,,,
2026-09-29T06:34:21.651,2026-09-29T10:34:21.651,US100,TRADE,Trade closed,140215217014089,00000000-667f-0fc8-0493-972c0004511e,,-0.31,AED,PROCESSED,,,,
2026-09-29T06:31:23.209,2026-09-29T10:31:23.209,US500,TRADE,Trade closed,140215030366551,00000000-667f-1008-0493-972c0004511e,,-0.44,AED,PROCESSED,,,,
2026-09-29T06:30:42.648,2026-09-29T10:30:42.648,GBPJPY,TRADE,Trade closed,140214987374598,00000000-667f-6156-0493-972c0004511e,,0.37,AED,PROCESSED,,,,
2026-09-29T06:30:42.604,2026-09-29T10:30:42.604,EURJPY,TRADE,Trade closed,140214987374597,00000000-6680-6972-0493-972c0004511e,,-7.89,AED,PROCESSED,,,,
2026-09-29T06:30:02.425,2026-09-29T10:30:02.425,US100,TRADE,Trade closed,140214945431205,00000000-667f-bf5a-0493-972c0004511e,,-0.99,AED,PROCESSED,,,,
2026-09-29T06:29:15.587,2026-09-29T10:29:15.587,US500,TRADE,Trade closed,140214896147719,00000000-6680-6c76-0493-972c0004511e,,-1.7,AED,PROCESSED,,,,
2026-09-29T06:28:24.686,2026-09-29T10:28:24.686,US100,TRADE,Trade closed,140214842670037,00000000-6680-6bdf-0493-972c0004511e,,-0.89,AED,PROCESSED,,,,
2026-09-29T06:09:08.187,2026-09-29T10:09:08.187,US100,TRADE,Trade closed,140213630507269,00000000-6680-536f-0493-972c0004511e,,-1.74,AED,PROCESSED,,,,
2026-09-29T06:08:48.491,2026-09-29T10:08:48.491,SILVER,TRADE,Trade closed,140213609535490,00000000-667c-d48d-0493-972c0004511e,,-1.77,AED,PROCESSED,,,,
2026-09-29T06:06:57.389,2026-09-29T10:06:57.389,US500,TRADE,Trade closed,140213493142309,00000000-6680-53c3-0493-972c0004511e,,-1.78,AED,PROCESSED,,,,
2026-09-29T06:02:22.188,2026-09-29T10:02:22.188,USDCAD,TRADE,Trade closed,140213204782131,00000000-6680-50f8-0493-972c0004511e,,-2.02,AED,PROCESSED,,,,
2026-09-29T06:02:15.497,2026-09-29T10:02:15.497,EURUSD,TRADE,Trade closed,140213197442039,00000000-667f-e5cb-0493-972c0004511e,,0.17,AED,PROCESSED,,,,
2026-09-29T06:02:15.497,2026-09-29T10:02:15.497,EURUSD,TRADE,Trade closed,140213197442038,00000000-667f-4393-0493-972c0004511e,,2.2,AED,PROCESSED,,,,
2026-09-29T06:00:15.328,2026-09-29T10:00:15.328,GBPUSD,TRADE,Trade closed,140213071611950,00000000-667f-e600-0493-972c0004511e,,0.13,AED,PROCESSED,,,,
2026-09-29T06:00:14.445,2026-09-29T10:00:14.445,EURJPY,TRADE,Trade closed,140213070563359,00000000-6680-53a0-0493-972c0004511e,,1.23,AED,PROCESSED,,,,
2026-09-29T06:00:10.800,2026-09-29T10:00:10.800,USDCAD,TRADE,Trade closed,140213066369008,00000000-667f-bc6c-0493-972c0004511e,,0.42,AED,PROCESSED,,,,
2026-09-29T05:39:09.596,2026-09-29T09:39:09.596,USDCHF,TRADE,Trade closed,140211744101661,00000000-667e-39bd-0493-972c0004511e,,4.5,AED,PROCESSED,,,,
2026-09-29T05:39:09.596,2026-09-29T09:39:09.596,USDCHF,TRADE,Trade closed,140211744101671,00000000-667f-63a3-0493-972c0004511e,,2.6,AED,PROCESSED,,,,
2026-09-29T05:39:09.596,2026-09-29T09:39:09.596,USDCHF,TRADE,Trade closed,140211744101667,00000000-667f-37c0-0493-972c0004511e,,0.46,AED,PROCESSED,,,,
2026-09-29T05:39:09.596,2026-09-29T09:39:09.596,USDCHF,TRADE,Trade closed,140211744101663,00000000-667e-ea61-0493-972c0004511e,,1.36,AED,PROCESSED,,,,
2026-09-29T05:39:09.596,2026-09-29T09:39:09.596,USDCHF,TRADE,Trade closed,140211744101665,00000000-667f-2787-0493-972c0004511e,,2.95,AED,PROCESSED,,,,
2026-09-29T05:39:09.596,2026-09-29T09:39:09.596,USDCHF,TRADE,Trade closed,140211744101664,00000000-667f-0fef-0493-972c0004511e,,0.53,AED,PROCESSED,,,,
2026-09-29T05:39:09.596,2026-09-29T09:39:09.596,USDCHF,TRADE,Trade closed,140211744101672,00000000-667f-e651-0493-972c0004511e,,0.17,AED,PROCESSED,,,,
2026-09-29T05:39:09.596,2026-09-29T09:39:09.596,USDCHF,TRADE,Trade closed,140211744101669,00000000-667f-43fd-0493-972c0004511e,,2.22,AED,PROCESSED,,,,
2026-09-29T05:36:58.364,2026-09-29T09:36:58.364,EURCHF,TRADE,Trade closed,140211606737091,00000000-667f-4291-0493-972c0004511e,,2.3,AED,PROCESSED,,,,
2026-09-29T05:36:58.364,2026-09-29T09:36:58.364,EURCHF,TRADE,Trade closed,140211606737090,00000000-667f-35bc-0493-972c0004511e,,0.22,AED,PROCESSED,,,,
2026-09-29T05:36:58.364,2026-09-29T09:36:58.364,EURCHF,TRADE,Trade closed,140211606737089,00000000-667f-2869-0493-972c0004511e,,6.78,AED,PROCESSED,,,,
2026-09-29T05:36:54.961,2026-09-29T09:36:54.961,GBPCHF,TRADE,Trade closed,140211602542765,00000000-667f-bec3-0493-972c0004511e,,0.53,AED,PROCESSED,,,,
2026-09-29T05:27:11.712,2026-09-29T09:27:11.712,NZDUSD,TRADE,Trade closed,140210991215543,00000000-667f-e76b-0493-972c0004511e,,1.73,AED,PROCESSED,,,,
2026-09-29T05:16:46.775,2026-09-29T09:16:46.775,GBPUSD,TRADE,Trade closed,140210335852707,00000000-667f-3780-0493-972c0004511e,,0.54,AED,PROCESSED,,,,
2026-09-29T05:15:16.305,2026-09-29T09:15:16.305,EURGBP,TRADE,Trade closed,140210241480625,00000000-667f-e7ad-0493-972c0004511e,,-1.46,AED,PROCESSED,,,,
2026-09-29T04:40:25.131,2026-09-29T08:40:25.131,AUDUSD,TRADE,Trade closed,140208048899324,00000000-667f-e73d-0493-972c0004511e,,1.76,AED,PROCESSED,,,,
2026-09-29T04:32:20.353,2026-09-29T08:32:20.353,EURUSD,TRADE,Trade closed,140207540337707,00000000-667f-3734-0493-972c0004511e,,0.21,AED,PROCESSED,,,,
2026-09-29T04:31:10.456,2026-09-29T08:31:10.456,USDCAD,TRADE,Trade closed,140207466936987,00000000-667f-63eb-0493-972c0004511e,,1.48,AED,PROCESSED,,,,
2026-09-29T04:30:23.383,2026-09-29T08:30:23.383,AUDUSD,TRADE,Trade closed,140207417653441,00000000-667f-bc99-0493-972c0004511e,,-1.07,AED,PROCESSED,,,,
2026-09-29T04:29:46.972,2026-09-29T08:29:46.972,AUDCAD,TRADE,Trade closed,140207378855951,00000000-667f-bf14-0493-972c0004511e,,-1.06,AED,PROCESSED,,,,
2026-09-29T02:39:27.568,2026-09-29T06:39:27.568,USDJPY,TRADE,Trade closed,140200438308419,00000000-667f-43c6-0493-972c0004511e,,-0.92,AED,PROCESSED,,,,
2026-09-29T02:31:41.449,2026-09-29T06:31:41.449,GOLD,TRADE,Trade closed,140199949670226,00000000-667e-a692-0493-972c0004511e,,-1.97,AED,PROCESSED,,,,
2026-09-29T02:23:16.980,2026-09-29T06:23:16.980,USDJPY,TRADE,Trade closed,140199420137650,00000000-667f-37a1-0493-972c0004511e,,-0.46,AED,PROCESSED,,,,
2026-09-29T02:02:33.906,2026-09-29T06:02:33.906,USDCAD,TRADE,Trade closed,140198116752276,00000000-667e-f50b-0493-972c0004511e,,-0.18,AED,PROCESSED,,,,
2026-09-29T01:47:31.851,2026-09-29T05:47:31.851,USDJPY,TRADE,Trade closed,140197170933063,00000000-667c-2b16-0493-972c0004511e,,2.39,AED,PROCESSED,,,,
2026-09-29T01:45:36.861,2026-09-29T05:45:36.861,GOLD,TRADE,Trade closed,140197050346071,00000000-667c-c16c-0493-972c0004511e,,-0.65,AED,PROCESSED,,,,
2026-09-29T01:35:30.542,2026-09-29T05:35:30.542,AUDCAD,TRADE,Trade closed,140196414905175,00000000-667e-a6ad-0493-972c0004511e,,2.7,AED,PROCESSED,,,,
2026-09-29T01:16:56.314,2026-09-29T05:16:56.314,USDJPY,TRADE,Trade closed,140195246784355,00000000-667e-45a1-0493-972c0004511e,,-0.4,AED,PROCESSED,,,,
2026-09-29T01:03:58.513,2026-09-29T05:03:58.513,USDCAD,TRADE,Trade closed,140194430988508,00000000-667e-4684-0493-972c0004511e,,0.13,AED,PROCESSED,,,,
2026-09-29T00:57:33.585,2026-09-29T04:57:33.585,USDJPY,TRADE,Trade closed,140194027284043,00000000-667e-ea34-0493-972c0004511e,,-1.01,AED,PROCESSED,,,,
2026-09-29T00:46:31.737,2026-09-29T04:46:31.737,NZDJPY,TRADE,Trade closed,140193333124084,00000000-667e-a6e3-0493-972c0004511e,,-5.95,AED,PROCESSED,,,,
2026-09-29T00:35:39.811,2026-09-29T04:35:39.811,EURUSD,TRADE,Trade closed,140192649450615,00000000-667e-3918-0493-972c0004511e,,1.84,AED,PROCESSED,,,,
2026-09-29T00:35:22.879,2026-09-29T04:35:22.879,US500,TRADE,Trade closed,140192631624749,00000000-667e-a6d0-0493-972c0004511e,,2.68,AED,PROCESSED,,,,
2026-09-28T23:51:57.413,2026-09-29T03:51:57.413,AUDUSD,TRADE,Trade closed,140189900202066,00000000-667e-23d7-0493-972c0004511e,,1.21,AED,PROCESSED,,,,
2026-09-28T22:09:00.197,2026-09-29T02:09:00.197,GOLD,TRADE,Trade closed,140183423133155,00000000-667b-27d3-0493-972c0004511e,,1.06,AED,PROCESSED,,,,
2026-09-28T22:09:00.197,2026-09-29T02:09:00.197,GOLD,TRADE,Trade closed,140183423133156,00000000-667b-8d71-0493-972c0004511e,,1.13,AED,PROCESSED,,,,
2026-09-28T22:09:00.197,2026-09-29T02:09:00.197,GOLD,TRADE,Trade closed,140183423133157,00000000-667b-a979-0493-972c0004511e,,0.51,AED,PROCESSED,,,,
2026-09-28T22:01:56.025,2026-09-29T02:01:56.025,SILVER,TRADE,Trade closed,140182978534124,00000000-667c-2b98-0493-972c0004511e,,0.86,AED,PROCESSED,,,,
2026-09-28T22:00:00.259,2026-09-29T02:00:00.259,NZDUSD,TRADE,Trade closed,140182856897766,00000000-667e-2402-0493-972c0004511e,,-12.03,AED,PROCESSED,,,,
2026-09-28T21:09:24.497,2026-09-29T01:09:24.497,AUDCAD,TRADE,Trade closed,140179673413512,00000000-667c-c226-0493-972c0004511e,,-0.5,AED,PROCESSED,,,,
2026-09-28T21:06:00.343,2026-09-29T01:06:00.343,EURCHF,TRADE,Trade closed,140179459503661,00000000-667b-acee-0493-972c0004511e,,-0.8,AED,PROCESSED,,,,
2026-09-28T21:05:01.391,2026-09-29T01:05:01.391,USDCAD,TRADE,Trade closed,140179397637507,00000000-667c-4744-0493-972c0004511e,,-1.76,AED,PROCESSED,,,,
2026-09-28T21:05:01.339,2026-09-29T01:05:01.339,USDCHF,TRADE,Trade closed,140179397637492,00000000-667c-3a09-0493-972c0004511e,,-6.83,AED,PROCESSED,,,,
2026-09-28T21:05:00.919,2026-09-29T01:05:00.919,USDCAD,TRADE,Trade closed,140179396588902,00000000-667c-8ad7-0493-972c0004511e,,-0.35,AED,PROCESSED,,,,
2026-09-28T20:34:18.457,2026-09-29T00:34:18.457,AUDCHF,TRADE,Trade closed,140177465131441,00000000-667c-c257-0493-972c0004511e,,-0.39,AED,PROCESSED,,,,
2026-09-28T19:54:44.825,2026-09-28T23:54:44.825,US100,TRADE,Trade closed,140174975792883,00000000-667b-1d91-0493-972c0004511e,,-0.51,AED,PROCESSED,,,,
2026-09-28T19:12:16.291,2026-09-28T23:12:16.291,US500,TRADE,Trade closed,140172304001114,00000000-667b-8ed4-0493-972c0004511e,,-1.91,AED,PROCESSED,,,,
2026-09-28T19:11:50.552,2026-09-28T23:11:50.552,US500,TRADE,Trade closed,140172276738003,00000000-667b-1de7-0493-972c0004511e,,-0.86,AED,PROCESSED,,,,
2026-09-28T19:03:20.503,2026-09-28T23:03:20.503,SILVER,TRADE,Trade closed,140171741960566,00000000-667b-5522-0493-972c0004511e,,1.29,AED,PROCESSED,,,,
2026-09-28T18:53:19.455,2026-09-28T22:53:19.455,USDJPY,TRADE,Trade closed,140171111761118,00000000-667b-abb0-0493-972c0004511e,,2.54,AED,PROCESSED,,,,
2026-09-28T17:16:17.331,2026-09-28T21:16:17.331,GOLD,TRADE,Trade closed,140165006907270,00000000-667b-0d75-0493-972c0004511e,,2.61,AED,PROCESSED,,,,
2026-09-28T17:12:32.373,2026-09-28T21:12:32.373,SILVER,TRADE,Trade closed,140164770972358,00000000-667b-6296-0493-972c0004511e,,-2.0,AED,PROCESSED,,,,
2026-09-28T16:53:46.258,2026-09-28T20:53:46.258,SILVER,TRADE,Trade closed,140163590259740,00000000-667a-f425-0493-972c0004511e,,1.38,AED,PROCESSED,,,,
2026-09-28T16:47:45.699,2026-09-28T20:47:45.699,GBPUSD,TRADE,Trade closed,140163211851664,00000000-667b-061a-0493-972c0004511e,,1.72,AED,PROCESSED,,,,
2026-09-28T16:32:52.007,2026-09-28T20:32:52.007,US100,TRADE,Trade closed,140162275461000,00000000-667a-bc81-0493-972c0004511e,,0.8,AED,PROCESSED,,,,
2026-09-28T16:32:52.007,2026-09-28T20:32:52.007,US100,TRADE,Trade closed,140162275460996,00000000-667a-2eb3-0493-972c0004511e,,0.83,AED,PROCESSED,,,,
2026-09-28T16:31:33.384,2026-09-28T20:31:33.384,US500,TRADE,Trade closed,140162192621639,00000000-667a-bce4-0493-972c0004511e,,1.02,AED,PROCESSED,,,,
2026-09-28T16:26:34.241,2026-09-28T20:26:34.241,GOLD,TRADE,Trade closed,140161879083696,00000000-667a-3cc2-0493-972c0004511e,,-1.76,AED,PROCESSED,,,,
2026-09-28T16:25:47.810,2026-09-28T20:25:47.810,AUDUSD,TRADE,Trade closed,140161829799057,00000000-667a-e479-0493-972c0004511e,,-0.7,AED,PROCESSED,,,,
2026-09-28T16:25:44.650,2026-09-28T20:25:44.650,GOLD,TRADE,Trade closed,140161826652980,00000000-667a-1b9f-0493-972c0004511e,,-1.67,AED,PROCESSED,,,,
2026-09-28T16:25:37.901,2026-09-28T20:25:37.901,GOLD,TRADE,Trade closed,140161819312440,00000000-667a-a600-0493-972c0004511e,,-1.5,AED,PROCESSED,,,,
2026-09-28T16:25:33.727,2026-09-28T20:25:33.727,GBPUSD,TRADE,Trade closed,140161815117945,00000000-667a-72ca-0493-972c0004511e,,-1.31,AED,PROCESSED,,,,
2026-09-28T16:21:37.078,2026-09-28T20:21:37.078,EURUSD,TRADE,Trade closed,140161567647597,00000000-667a-4035-0493-972c0004511e,,-0.99,AED,PROCESSED,,,,
2026-09-28T16:21:30.227,2026-09-28T20:21:30.227,EURUSD,TRADE,Trade closed,140161560307389,00000000-6679-b210-0493-972c0004511e,,-1.75,AED,PROCESSED,,,,
2026-09-28T16:21:16.787,2026-09-28T20:21:16.787,EURUSD,TRADE,Trade closed,140161545626693,00000000-6679-76e1-0493-972c0004511e,,-1.73,AED,PROCESSED,,,,
2026-09-28T16:20:41.467,2026-09-28T20:20:41.467,SILVER,TRADE,Trade closed,140161508924699,00000000-667a-1c1c-0493-972c0004511e,,-10.31,AED,PROCESSED,,,,
2026-09-28T16:20:41.408,2026-09-28T20:20:41.408,EURUSD,TRADE,Trade closed,140161508924658,00000000-6678-f5ba-0493-972c0004511e,,-1.89,AED,PROCESSED,,,,
2026-09-28T16:20:37.532,2026-09-28T20:20:37.532,OIL_CRUDE,TRADE,Trade closed,140161504730015,00000000-667a-1c62-0493-972c0004511e,,6.85,AED,PROCESSED,,,,
2026-09-28T16:17:02.749,2026-09-28T20:17:02.749,US500,TRADE,Trade closed,140161279280151,00000000-667a-2db7-0493-972c0004511e,,2.08,AED,PROCESSED,,,,
2026-09-28T15:23:52.305,2026-09-28T19:23:52.305,EURUSD,TRADE,Trade closed,140157934291835,00000000-667a-0598-0493-972c0004511e,,-2.07,AED,PROCESSED,,,,
2026-09-28T15:19:15.848,2026-09-28T19:19:15.848,GOLD,TRADE,Trade closed,140157643833028,00000000-6679-ba3b-0493-972c0004511e,,1.15,AED,PROCESSED,,,,
2026-09-28T14:57:45.852,2026-09-28T18:57:45.852,EURUSD,TRADE,Trade closed,140156291151802,00000000-6679-4fcb-0493-972c0004511e,,0.43,AED,PROCESSED,,,,
2026-09-28T14:56:42.851,2026-09-28T18:56:42.851,EURUSD,TRADE,Trade closed,140156225088713,00000000-6678-d760-0493-972c0004511e,,1.73,AED,PROCESSED,,,,
2026-09-28T14:56:41.836,2026-09-28T18:56:41.836,EURUSD,TRADE,Trade closed,140156224040123,00000000-6678-b446-0493-972c0004511e,,1.93,AED,PROCESSED,,,,
2026-09-28T14:56:11.752,2026-09-28T18:56:11.752,EURUSD,TRADE,Trade closed,140156192582190,00000000-6679-12d7-0493-972c0004511e,,1.3,AED,PROCESSED,,,,
2026-09-28T14:48:14.279,2026-09-28T18:48:14.279,GOLD,TRADE,Trade closed,140155692400116,00000000-6679-1123-0493-972c0004511e,,1.97,AED,PROCESSED,,,,
2026-09-28T14:48:00.441,2026-09-28T18:48:00.441,GOLD,TRADE,Trade closed,140155677718443,00000000-6678-f94d-0493-972c0004511e,,2.17,AED,PROCESSED,,,,
2026-09-28T14:46:27.104,2026-09-28T18:46:27.104,GOLD,TRADE,Trade closed,140155580196580,00000000-6678-bffb-0493-972c0004511e,,2.11,AED,PROCESSED,,,,
2026-09-28T14:46:05.094,2026-09-28T18:46:05.094,OIL_CRUDE,TRADE,Trade closed,140155557126715,00000000-6679-b9e5-0493-972c0004511e,,-9.21,AED,PROCESSED,,,,
2026-09-28T14:45:09.074,2026-09-28T18:45:09.074,US500,TRADE,Trade closed,140155498403448,00000000-6679-b21f-0493-972c0004511e,,2.73,AED,PROCESSED,,,,
2026-09-28T14:43:53.247,2026-09-28T18:43:53.247,US500,TRADE,Trade closed,140155418708844,00000000-6679-56be-0493-972c0004511e,,2.61,AED,PROCESSED,,,,
2026-09-28T14:22:45.337,2026-09-28T18:22:45.337,SILVER,TRADE,Trade closed,140154089218955,00000000-6679-55c5-0493-972c0004511e,,4.45,AED,PROCESSED,,,,
2026-09-28T14:19:22.442,2026-09-28T18:19:22.442,OIL_CRUDE,TRADE,Trade closed,140153876355427,00000000-6679-6da2-0493-972c0004511e,,2.26,AED,PROCESSED,,,,
2026-09-28T14:16:17.299,2026-09-28T18:16:17.299,BTCUSD,TRADE,Trade closed,140153682366353,00000000-6679-4f7a-0493-972c0004511e,,-10.55,AED,PROCESSED,,,,
2026-09-28T14:11:14.023,2026-09-28T18:11:14.023,US100,TRADE,Trade closed,140153364642453,00000000-6679-7795-0493-972c0004511e,,-9.67,AED,PROCESSED,,,,
2026-09-28T13:55:55.022,2026-09-28T17:55:55.022,OIL_CRUDE,TRADE,Trade closed,140152400984760,00000000-6679-12c8-0493-972c0004511e,,0.91,AED,PROCESSED,,,,
2026-09-28T13:55:18.518,2026-09-28T17:55:18.518,US100,TRADE,Trade closed,140152362186542,00000000-6679-5665-0493-972c0004511e,,1.51,AED,PROCESSED,,,,
2026-09-28T13:51:15.719,2026-09-28T17:51:15.719,US500,TRADE,Trade closed,140152107378467,00000000-6679-1d7d-0493-972c0004511e,,1.26,AED,PROCESSED,,,,
2026-09-28T13:47:46.229,2026-09-28T17:47:46.229,SILVER,TRADE,Trade closed,140151888220141,00000000-6678-c038-0493-972c0004511e,,-1.88,AED,PROCESSED,,,,
2026-09-28T13:36:02.760,2026-09-28T17:36:02.760,US100,TRADE,Trade closed,140151150008558,00000000-6678-f9df-0493-972c0004511e,,-1.87,AED,PROCESSED,,,,
2026-09-28T13:36:02.366,2026-09-28T17:36:02.366,US100,TRADE,Trade closed,140151150008540,00000000-6678-96f2-0493-972c0004511e,,-1.85,AED,PROCESSED,,,,
2026-09-28T13:35:51.851,2026-09-28T17:35:51.851,US100,TRADE,Trade closed,140151138473876,00000000-6679-142d-0493-972c0004511e,,-1.64,AED,PROCESSED,,,,
2026-09-28T13:35:45.751,2026-09-28T17:35:45.751,US100,TRADE,Trade closed,140151132182147,00000000-6678-d5fa-0493-972c0004511e,,-1.95,AED,PROCESSED,,,,
2026-09-28T13:35:37.802,2026-09-28T17:35:37.802,US100,TRADE,Trade closed,140151123793295,00000000-6678-c074-0493-972c0004511e,,-1.91,AED,PROCESSED,,,,
2026-09-28T13:31:19.968,2026-09-28T17:31:19.968,BTCUSD,TRADE,Trade closed,140150853252086,00000000-6678-d728-0493-972c0004511e,,0.84,AED,PROCESSED,,,,
2026-09-28T13:31:08.286,2026-09-28T17:31:08.286,US500,TRADE,Trade closed,140150841716886,00000000-6678-d6b0-0493-972c0004511e,,-10.65,AED,PROCESSED,,,,
2026-09-28T13:25:54.582,2026-09-28T17:25:54.582,OIL_CRUDE,TRADE,Trade closed,140150512455725,00000000-6678-fe68-0493-972c0004511e,,1.07,AED,PROCESSED,,,,
2026-09-28T13:20:35.484,2026-09-28T17:20:35.484,OIL_CRUDE,TRADE,Trade closed,140150177957866,00000000-6678-d828-0493-972c0004511e,,1.86,AED,PROCESSED,,,,
2026-09-28T12:58:19.761,2026-09-28T16:58:19.761,US500,TRADE,Trade closed,140148777046229,00000000-6678-c0c0-0493-972c0004511e,,1.46,AED,PROCESSED,,,,
2026-09-28T12:56:40.556,2026-09-28T16:56:40.556,SILVER,TRADE,Trade closed,140148673235305,00000000-6678-900e-0493-972c0004511e,,2.89,AED,PROCESSED,,,,
2026-09-28T12:55:44.171,2026-09-28T16:55:44.171,US100,TRADE,Trade closed,140148614514257,00000000-6678-7d26-0493-972c0004511e,,2.61,AED,PROCESSED,,,,
2026-09-28T12:52:11.354,2026-09-28T16:52:11.354,GOLD,TRADE,Trade closed,140148391164920,00000000-6678-8f08-0493-972c0004511e,,1.04,AED,PROCESSED,,,,
2026-09-28T12:50:27.370,2026-09-28T16:50:27.370,EURUSD,TRADE,Trade closed,140148282111851,00000000-6678-9c75-0493-972c0004511e,,2.67,AED,PROCESSED,,,,
2026-09-28T12:26:26.467,2026-09-28T16:26:26.467,GOLD,TRADE,Trade closed,140146771226102,00000000-6678-7c4e-0493-972c0004511e,,3.17,AED,PROCESSED,,,,
2026-09-28T12:25:55.644,2026-09-28T16:25:55.644,SILVER,TRADE,Trade closed,140146738719652,00000000-6678-7c96-0493-972c0004511e,,1.99,AED,PROCESSED,,,,
2026-09-28T12:21:17.300,2026-09-28T16:21:17.300,BTCUSD,TRADE,Trade closed,140146447210778,00000000-6678-68cb-0493-972c0004511e,,1.07,AED,PROCESSED,,,,
2026-09-28T12:07:01.270,2026-09-28T16:07:01.270,EURUSD,TRADE,Trade closed,140145549616029,00000000-6677-dee1-0493-972c0004511e,,-10.18,AED,PROCESSED,,,,
2026-09-28T12:06:25.424,2026-09-28T16:06:25.424,GOLD,TRADE,Trade closed,140145511865762,00000000-6677-def1-0493-972c0004511e,,-1.78,AED,PROCESSED,,,,
2026-09-28T12:06:25.230,2026-09-28T16:06:25.230,GOLD,TRADE,Trade closed,140145511865640,00000000-6678-2a92-0493-972c0004511e,,-1.81,AED,PROCESSED,,,,
2026-09-28T12:06:15.243,2026-09-28T16:06:15.243,SILVER,TRADE,Trade closed,140145501379369,00000000-6677-be25-0493-972c0004511e,,-2.2,AED,PROCESSED,,,,
2026-09-28T12:06:14.940,2026-09-28T16:06:14.940,SILVER,TRADE,Trade closed,140145500330761,00000000-6677-fa97-0493-972c0004511e,,-2.1,AED,PROCESSED,,,,
2026-09-28T12:06:03.877,2026-09-28T16:06:03.877,SILVER,TRADE,Trade closed,140145488796068,00000000-6677-e01e-0493-972c0004511e,,-1.31,AED,PROCESSED,,,,
2026-09-28T12:06:01.144,2026-09-28T16:06:01.144,SILVER,TRADE,Trade closed,140145486698819,00000000-6678-266d-0493-972c0004511e,,-1.98,AED,PROCESSED,,,,
2026-09-28T12:05:49.905,2026-09-28T16:05:49.905,GOLD,TRADE,Trade closed,140145474115399,00000000-6678-3c0b-0493-972c0004511e,,-1.83,AED,PROCESSED,,,,
2026-09-28T12:05:29.194,2026-09-28T16:05:29.194,SILVER,TRADE,Trade closed,140145453142461,00000000-6678-3ac0-0493-972c0004511e,,-2.08,AED,PROCESSED,,,,
2026-09-28T12:04:08.111,2026-09-28T16:04:08.111,US100,TRADE,Trade closed,140145368202657,00000000-6677-9f4b-0493-972c0004511e,,-10.14,AED,PROCESSED,,,,
2026-09-28T11:57:02.850,2026-09-28T15:57:02.850,AUDUSD,TRADE,Trade closed,140144921505242,00000000-6677-da96-0493-972c0004511e,,-9.81,AED,PROCESSED,,,,
2026-09-28T11:51:14.782,2026-09-28T15:51:14.782,SILVER,TRADE,Trade closed,140144556598694,00000000-6677-9e95-0493-972c0004511e,,2.39,AED,PROCESSED,,,,
2026-09-28T11:35:25.322,2026-09-28T15:35:25.322,NZDUSD,TRADE,Trade closed,140143561493556,00000000-6677-6478-0493-972c0004511e,,-9.99,AED,PROCESSED,,,,
2026-09-28T11:16:58.002,2026-09-28T15:16:58.002,GOLD,TRADE,Trade closed,140142400711431,00000000-6677-6e45-0493-972c0004511e,,0.82,AED,PROCESSED,,,,
2026-09-28T10:22:03.938,2026-09-28T14:22:03.938,EURUSD,TRADE,Trade closed,140138945628175,00000000-6677-61f7-0493-972c0004511e,,1.78,AED,PROCESSED,,,,
2026-09-28T10:21:57.913,2026-09-28T14:21:57.913,AUDUSD,TRADE,Trade closed,140138939336680,00000000-6677-6380-0493-972c0004511e,,1.02,AED,PROCESSED,,,,
2026-09-28T10:13:25.783,2026-09-28T14:13:25.783,EURUSD,TRADE,Trade closed,140138402462198,00000000-6677-1572-0493-972c0004511e,,2.75,AED,PROCESSED,,,,
2026-09-28T10:13:25.783,2026-09-28T14:13:25.783,EURUSD,TRADE,Trade closed,140138402462199,00000000-6677-424e-0493-972c0004511e,,0.53,AED,PROCESSED,,,,
2026-09-28T10:13:24.856,2026-09-28T14:13:24.856,NZDUSD,TRADE,Trade closed,140138401413617,00000000-6677-3f53-0493-972c0004511e,,6.49,AED,PROCESSED,,,,
2026-09-28T10:13:23.543,2026-09-28T14:13:23.543,AUDUSD,TRADE,Trade closed,140138400365025,00000000-6677-3f24-0493-972c0004511e,,6.18,AED,PROCESSED,,,,
2026-09-28T10:05:06.739,2026-09-28T14:05:06.739,EURUSD,TRADE,Trade closed,140137879217232,00000000-6676-dae2-0493-972c0004511e,,2.0,AED,PROCESSED,,,,
2026-09-28T09:17:25.707,2026-09-28T13:17:25.707,AUDUSD,TRADE,Trade closed,140134879216683,00000000-6676-dc9b-0493-972c0004511e,,0.0,AED,PROCESSED,,,,
2026-09-28T09:10:25.372,2026-09-28T13:10:25.372,NZDUSD,TRADE,Trade closed,140134438811196,00000000-6676-b707-0493-972c0004511e,,0.12,AED,PROCESSED,,,,
2026-09-28T09:05:18.413,2026-09-28T13:05:18.413,AUDUSD,TRADE,Trade closed,140134116894382,00000000-6676-b6ce-0493-972c0004511e,,0.15,AED,PROCESSED,,,,
2026-09-28T09:05:12.069,2026-09-28T13:05:12.069,EURUSD,TRADE,Trade closed,140134110602759,00000000-6676-b55f-0493-972c0004511e,,0.19,AED,PROCESSED,,,,
2026-09-28T09:00:38.181,2026-09-28T13:00:38.181,AUDUSD,TRADE,Trade closed,140133823289216,00000000-6676-90f5-0493-972c0004511e,,0.0,AED,PROCESSED,,,,
2026-09-28T09:00:18.840,2026-09-28T13:00:18.840,NZDUSD,TRADE,Trade closed,140133802317400,00000000-6676-924b-0493-972c0004511e,,0.0,AED,PROCESSED,,,,
2026-09-28T08:57:57.825,2026-09-28T12:57:57.825,EURUSD,TRADE,Trade closed,140133654466827,00000000-6676-8f12-0493-972c0004511e,,0.18,AED,PROCESSED,,,,
2026-09-28T08:47:07.185,2026-09-28T12:47:07.185,AUDUSD,TRADE,Trade closed,140132973017972,00000000-6676-31d6-0493-972c0004511e,,0.07,AED,PROCESSED,,,,
2026-09-28T08:38:02.690,2026-09-28T12:38:02.690,NZDUSD,TRADE,Trade closed,140132401538621,00000000-6676-6f8e-0493-972c0004511e,,0.0,AED,PROCESSED,,,,
2026-09-28T08:35:16.851,2026-09-28T12:35:16.851,EURUSD,TRADE,Trade closed,140132227473037,00000000-6676-6e56-0493-972c0004511e,,0.18,AED,PROCESSED,,,,
2026-09-28T08:20:59.405,2026-09-28T12:20:59.405,NZDUSD,TRADE,Trade closed,140131328828662,00000000-6676-43e9-0493-972c0004511e,,0.0,AED,PROCESSED,,,,
2026-09-28T08:07:39.527,2026-09-28T12:07:39.527,AUDUSD,TRADE,Trade closed,140130489961218,00000000-6676-1967-0493-972c0004511e,,0.93,AED,PROCESSED,,,,
2026-09-28T08:07:29.706,2026-09-28T12:07:29.706,NZDUSD,TRADE,Trade closed,140130479475407,00000000-6676-19f9-0493-972c0004511e,,0.14,AED,PROCESSED,,,,
2026-09-27T22:03:08.838,2026-09-28T02:03:08.838,BTCUSD,TRADE,Trade closed,140092457025391,00000000-6608-34c4-0493-972c0004511e,,-1.93,AED,PROCESSED,,,,
2026-09-27T22:02:27.730,2026-09-28T02:02:27.730,BTCUSD,TRADE,Trade closed,140092414032949,00000000-6608-36b3-0493-972c0004511e,,-1.98,AED,PROCESSED,,,,
2026-09-27T20:46:09.146,2026-09-28T00:46:09.146,BTCUSD,TRADE,Trade closed,140087613681990,00000000-6608-2912-0493-972c0004511e,,0.02,AED,PROCESSED,,,,
2026-09-27T20:32:51.138,2026-09-28T00:32:51.138,BTCUSD,TRADE,Trade closed,140086776917815,00000000-6607-e27d-0493-972c0004511e,,-9.61,AED,PROCESSED,,,,
2026-09-27T19:40:55.471,2026-09-27T23:40:55.471,BTCUSD,TRADE,Trade closed,140083509552851,00000000-6607-f9f7-0493-972c0004511e,,2.7,AED,PROCESSED,,,,
2026-09-27T18:14:23.979,2026-09-27T22:14:23.979,BTCUSD,TRADE,Trade closed,140078066390115,00000000-6607-7251-0493-972c0004511e,,-3.3,AED,PROCESSED,,,,
2026-09-27T18:14:23.979,2026-09-27T22:14:23.979,BTCUSD,TRADE,Trade closed,140078066390117,00000000-6607-7537-0493-972c0004511e,,-1.11,AED,PROCESSED,,,,
2026-09-27T18:14:23.979,2026-09-27T22:14:23.979,BTCUSD,TRADE,Trade closed,140078066390116,00000000-6607-7424-0493-972c0004511e,,-1.14,AED,PROCESSED,,,,
2026-09-27T16:54:13.779,2026-09-27T20:54:13.779,BTCUSD,TRADE,Trade closed,140073021687950,00000000-6607-539d-0493-972c0004511e,,-2.2,AED,PROCESSED,,,,
2026-09-27T16:53:38.700,2026-09-27T20:53:38.700,BTCUSD,TRADE,Trade closed,140072984987778,00000000-6607-539d-0493-972c0004511e,,-4.95,AED,PROCESSED,,,,
2026-09-27T16:53:03.486,2026-09-27T20:53:03.486,BTCUSD,TRADE,Trade closed,140072948287596,00000000-6607-5396-0493-972c0004511e,,-4.69,AED,PROCESSED,,,,
2026-09-27T16:53:03.486,2026-09-27T20:53:03.486,BTCUSD,TRADE,Trade closed,140072948287597,00000000-6607-539d-0493-972c0004511e,,-0.29,AED,PROCESSED,,,,
2026-09-27T16:52:29.478,2026-09-27T20:52:29.478,BTCUSD,TRADE,Trade closed,140072912635996,00000000-6607-299a-0493-972c0004511e,,-1.65,AED,PROCESSED,,,,
2026-09-27T16:52:29.478,2026-09-27T20:52:29.478,BTCUSD,TRADE,Trade closed,140072912635997,00000000-6607-5396-0493-972c0004511e,,-2.84,AED,PROCESSED,,,,
2026-09-27T16:50:55.254,2026-09-27T20:50:55.254,BTCUSD,TRADE,Trade closed,140072814069807,00000000-6607-299a-0493-972c0004511e,,-4.16,AED,PROCESSED,,,,
2026-09-27T16:50:18.299,2026-09-27T20:50:18.299,BTCUSD,TRADE,Trade closed,140072775272448,00000000-6607-298f-0493-972c0004511e,,-4.09,AED,PROCESSED,,,,
2026-09-27T16:49:41.351,2026-09-27T20:49:41.351,BTCUSD,TRADE,Trade closed,140072736475115,00000000-6607-2986-0493-972c0004511e,,-2.05,AED,PROCESSED,,,,
2026-09-27T16:49:41.351,2026-09-27T20:49:41.351,BTCUSD,TRADE,Trade closed,140072736475116,00000000-6607-298f-0493-972c0004511e,,-1.82,AED,PROCESSED,,,,
2026-09-27T16:49:04.225,2026-09-27T20:49:04.225,BTCUSD,TRADE,Trade closed,140072697677790,00000000-6607-1e30-0493-972c0004511e,,-0.34,AED,PROCESSED,,,,
2026-09-27T16:49:04.225,2026-09-27T20:49:04.225,BTCUSD,TRADE,Trade closed,140072697677791,00000000-6607-2986-0493-972c0004511e,,-3.72,AED,PROCESSED,,,,
2026-09-27T16:48:29.721,2026-09-27T20:48:29.721,BTCUSD,TRADE,Trade closed,140072660977616,00000000-6607-1e30-0493-972c0004511e,,-5.56,AED,PROCESSED,,,,
2026-09-27T16:47:52.797,2026-09-27T20:47:52.797,BTCUSD,TRADE,Trade closed,140072622180287,00000000-6607-1e10-0493-972c0004511e,,-3.06,AED,PROCESSED,,,,
2026-09-27T16:47:52.797,2026-09-27T20:47:52.797,BTCUSD,TRADE,Trade closed,140072622180288,00000000-6607-1e30-0493-972c0004511e,,-2.31,AED,PROCESSED,,,,
2026-09-27T16:47:15.868,2026-09-27T20:47:15.868,BTCUSD,TRADE,Trade closed,140072583382953,00000000-6607-0df8-0493-972c0004511e,,-0.62,AED,PROCESSED,,,,
2026-09-27T16:47:15.868,2026-09-27T20:47:15.868,BTCUSD,TRADE,Trade closed,140072583382954,00000000-6607-1e10-0493-972c0004511e,,-4.58,AED,PROCESSED,,,,
2026-09-27T16:46:39.795,2026-09-27T20:46:39.795,BTCUSD,TRADE,Trade closed,140072545634177,00000000-6607-0df8-0493-972c0004511e,,-6.27,AED,PROCESSED,,,,
2026-09-27T14:34:23.095,2026-09-27T18:34:23.095,BTCUSD,TRADE,Trade closed,140064224127551,00000000-6606-9607-0493-972c0004511e,,6.08,AED,PROCESSED,,,,
2026-09-27T13:00:09.357,2026-09-27T17:00:09.357,BTCUSD,TRADE,Trade closed,140058295471284,00000000-6606-5462-0493-972c0004511e,,5.31,AED,PROCESSED,,,,
2026-09-27T08:52:58.856,2026-09-27T12:52:58.856,EURUSD_W,TRADE,Trade closed,140042744030798,00000000-6605-dc79-0493-972c0004511e,,-10.26,AED,PROCESSED,,,,
2026-09-27T08:38:25.014,2026-09-27T12:38:25.014,EURUSD_W,TRADE,Trade closed,140041828623419,00000000-6605-cbe0-0493-972c0004511e,,-10.58,AED,PROCESSED,,,,
2026-09-27T07:48:27.196,2026-09-27T11:48:27.196,EURUSD_W,TRADE,Trade closed,140038684989094,00000000-6605-a3f7-0493-972c0004511e,,-10.73,AED,PROCESSED,,,,
2026-09-27T06:57:01.020,2026-09-27T10:57:01.020,EURUSD_W,TRADE,Trade closed,140035449081440,00000000-6605-8180-0493-972c0004511e,,-13.01,AED,PROCESSED,,,,
2026-09-27T06:17:08.463,2026-09-27T10:17:08.463,EURUSD_W,TRADE,Trade closed,140032939838028,00000000-6605-4408-0493-972c0004511e,,-9.62,AED,PROCESSED,,,,
2026-09-27T05:31:50.069,2026-09-27T09:31:50.069,EURUSD_W,TRADE,Trade closed,140030089806418,00000000-6605-34de-0493-972c0004511e,,-10.74,AED,PROCESSED,,,,
2026-09-27T05:08:41.858,2026-09-27T09:08:41.858,EURUSD_W,TRADE,Trade closed,140028633333797,00000000-6604-fc11-0493-972c0004511e,,-5.64,AED,PROCESSED,,,,
2026-09-27T03:30:48.266,2026-09-27T07:30:48.266,EURUSD_W,TRADE,Trade closed,140022475043260,00000000-6604-a6b8-0493-972c0004511e,,-0.67,AED,PROCESSED,,,,
2026-09-27T03:30:47.565,2026-09-27T07:30:47.565,EURUSD_W,TRADE,Trade closed,140022473994683,00000000-6604-35ec-0493-972c0004511e,,-0.69,AED,PROCESSED,,,,
2026-09-27T03:30:47.275,2026-09-27T07:30:47.275,EURUSD_W,TRADE,Trade closed,140022473994682,00000000-6603-f206-0493-972c0004511e,,-4.54,AED,PROCESSED,,,,
2026-09-25T20:42:20.277,2026-09-26T00:42:20.277,OIL_CRUDE,TRADE,Trade closed,139906179596824,00000000-65fe-58fa-0493-972c0004511e,,-2.45,AED,PROCESSED,,,,
2026-09-25T20:42:20.173,2026-09-26T00:42:20.173,US100,TRADE,Trade closed,139906179596821,00000000-65fe-4369-0493-972c0004511e,,-0.05,AED,PROCESSED,,,,
2026-09-25T20:42:20.173,2026-09-26T00:42:20.173,US100,TRADE,Trade closed,139906179596820,00000000-65fe-4238-0493-972c0004511e,,-0.06,AED,PROCESSED,,,,
2026-09-25T20:42:20.173,2026-09-26T00:42:20.173,US100,TRADE,Trade closed,139906179596822,00000000-65fe-43cf-0493-972c0004511e,,-0.12,AED,PROCESSED,,,,
2026-09-25T20:42:20.173,2026-09-26T00:42:20.173,US100,TRADE,Trade closed,139906179596823,00000000-65fe-4422-0493-972c0004511e,,-0.08,AED,PROCESSED,,,,
2026-09-25T20:42:20.173,2026-09-26T00:42:20.173,US100,TRADE,Trade closed,139906179596819,00000000-65fe-4164-0493-972c0004511e,,-0.07,AED,PROCESSED,,,,
2026-09-25T20:42:20.173,2026-09-26T00:42:20.173,US100,TRADE,Trade closed,139906179596815,00000000-65fe-3aed-0493-972c0004511e,,-0.08,AED,PROCESSED,,,,
2026-09-25T20:42:20.173,2026-09-26T00:42:20.173,US100,TRADE,Trade closed,139906179596816,00000000-65fe-3c3a-0493-972c0004511e,,-0.14,AED,PROCESSED,,,,
2026-09-25T20:42:20.173,2026-09-26T00:42:20.173,US100,TRADE,Trade closed,139906179596814,00000000-65fe-3902-0493-972c0004511e,,-0.02,AED,PROCESSED,,,,
2026-09-25T20:42:20.173,2026-09-26T00:42:20.173,US100,TRADE,Trade closed,139906179596817,00000000-65fe-3d73-0493-972c0004511e,,-0.05,AED,PROCESSED,,,,
2026-09-25T20:42:20.173,2026-09-26T00:42:20.173,US100,TRADE,Trade closed,139906179596818,00000000-65fe-408b-0493-972c0004511e,,-0.02,AED,PROCESSED,,,,
2026-09-25T20:42:20.012,2026-09-26T00:42:20.012,US500,TRADE,Trade closed,139906179596809,00000000-65fd-e2ae-0493-972c0004511e,,-0.24,AED,PROCESSED,,,,
2026-09-25T20:42:20.012,2026-09-26T00:42:20.012,US500,TRADE,Trade closed,139906179596810,00000000-65fd-e3c2-0493-972c0004511e,,-0.26,AED,PROCESSED,,,,
2026-09-25T20:42:20.012,2026-09-26T00:42:20.012,US500,TRADE,Trade closed,139906179596811,00000000-65fe-a3f4-0493-972c0004511e,,-0.15,AED,PROCESSED,,,,
2026-09-25T20:42:20.012,2026-09-26T00:42:20.012,US500,TRADE,Trade closed,139906179596808,00000000-65fd-c53d-0493-972c0004511e,,-0.21,AED,PROCESSED,,,,
2026-09-25T20:42:20.012,2026-09-26T00:42:20.012,US500,TRADE,Trade closed,139906179596812,00000000-65fe-a825-0493-972c0004511e,,-0.17,AED,PROCESSED,,,,
2026-09-25T20:42:20.012,2026-09-26T00:42:20.012,US500,TRADE,Trade closed,139906179596813,00000000-65fe-b5af-0493-972c0004511e,,-0.13,AED,PROCESSED,,,,
2026-09-25T19:00:33.062,2026-09-25T23:00:33.062,US100,TRADE,Trade closed,139899776003977,00000000-65fe-76f3-0493-972c0004511e,,-3.53,AED,PROCESSED,,,,
2026-09-25T19:00:15.679,2026-09-25T23:00:15.679,US100,TRADE,Trade closed,139899757129502,00000000-65fe-76c9-0493-972c0004511e,,-15.46,AED,PROCESSED,,,,
2026-09-25T18:59:58.118,2026-09-25T22:59:58.118,US100,TRADE,Trade closed,139899739303579,00000000-65fe-7639-0493-972c0004511e,,-19.88,AED,PROCESSED,,,,
2026-09-25T18:36:02.039,2026-09-25T22:36:02.039,US100,TRADE,Trade closed,139898233539423,00000000-65fe-61bc-0493-972c0004511e,,-8.83,AED,PROCESSED,,,,
2026-09-25T18:26:12.903,2026-09-25T22:26:12.903,US100,TRADE,Trade closed,139897614873461,00000000-65fe-58dd-0493-972c0004511e,,-18.55,AED,PROCESSED,,,,
2026-09-25T17:54:32.851,2026-09-25T21:54:32.851,US100,TRADE,Trade closed,139895622568041,00000000-65fe-34fa-0493-972c0004511e,,-2.3,AED,PROCESSED,,,,
2026-09-25T17:50:31.817,2026-09-25T21:50:31.817,US100,TRADE,Trade closed,139895369860208,00000000-65fe-3bc5-0493-972c0004511e,,-6.18,AED,PROCESSED,,,,
2026-09-25T17:36:58.929,2026-09-25T21:36:58.929,OIL_CRUDE,TRADE,Trade closed,139894517361256,00000000-65fd-fb0f-0493-972c0004511e,,-7.75,AED,PROCESSED,,,,
2026-09-25T16:23:45.051,2026-09-25T20:23:45.051,US500,TRADE,Trade closed,139889910926400,00000000-65fd-bf10-0493-972c0004511e,,-10.22,AED,PROCESSED,,,,
2026-09-25T14:46:36.582,2026-09-25T18:46:36.582,SILVER,TRADE,Trade closed,139883798815283,00000000-65fc-84f0-0493-972c0004511e,,-17.42,AED,PROCESSED,,,,
2026-09-25T14:38:29.998,2026-09-25T18:38:29.998,SILVER,TRADE,Trade closed,139883289199755,00000000-65fc-8e47-0493-972c0004511e,,-17.31,AED,PROCESSED,,,,
2026-09-25T14:23:34.881,2026-09-25T18:23:34.881,SILVER,TRADE,Trade closed,139882349662636,00000000-65fc-979c-0493-972c0004511e,,-5.21,AED,PROCESSED,,,,
2026-09-25T08:46:54.382,2026-09-25T12:46:54.382,OIL_CRUDE,TRADE,Trade closed,139861168455825,00000000-659b-9954-0493-972c0004511e,,9.48,AED,PROCESSED,,,,
2026-09-25T08:46:54.382,2026-09-25T12:46:54.382,OIL_CRUDE,TRADE,Trade closed,139861168455826,00000000-659b-9a62-0493-972c0004511e,,9.69,AED,PROCESSED,,,,
2026-09-25T08:46:54.382,2026-09-25T12:46:54.382,OIL_CRUDE,TRADE,Trade closed,139861168455823,00000000-659b-97ec-0493-972c0004511e,,11.59,AED,PROCESSED,,,,
2026-09-25T08:46:54.382,2026-09-25T12:46:54.382,OIL_CRUDE,TRADE,Trade closed,139861168455821,00000000-659b-9314-0493-972c0004511e,,9.62,AED,PROCESSED,,,,
2026-09-25T08:46:54.382,2026-09-25T12:46:54.382,OIL_CRUDE,TRADE,Trade closed,139861168455820,00000000-659b-91d3-0493-972c0004511e,,10.22,AED,PROCESSED,,,,
2026-09-25T08:46:54.382,2026-09-25T12:46:54.382,OIL_CRUDE,TRADE,Trade closed,139861168455822,00000000-659b-950b-0493-972c0004511e,,8.23,AED,PROCESSED,,,,
2026-09-25T08:46:54.382,2026-09-25T12:46:54.382,OIL_CRUDE,TRADE,Trade closed,139861168455819,00000000-659b-8fd1-0493-972c0004511e,,9.83,AED,PROCESSED,,,,
2026-09-25T08:28:56.121,2026-09-25T12:28:56.121,US100,TRADE,Trade closed,139860038076608,00000000-659b-9f79-0493-972c0004511e,,24.45,AED,PROCESSED,,,,
2026-09-25T08:28:52.796,2026-09-25T12:28:52.796,US100,TRADE,Trade closed,139860033882175,00000000-659b-bbdd-0493-972c0004511e,,29.88,AED,PROCESSED,,,,
2026-09-25T08:28:03.054,2026-09-25T12:28:03.054,US100,TRADE,Trade closed,139859982501325,00000000-659b-a3ed-0493-972c0004511e,,26.86,AED,PROCESSED,,,,
2026-09-25T08:28:01.513,2026-09-25T12:28:01.513,US100,TRADE,Trade closed,139859980404100,00000000-659b-a540-0493-972c0004511e,,28.96,AED,PROCESSED,,,,
2026-09-25T08:27:50.125,2026-09-25T12:27:50.125,US100,TRADE,Trade closed,139859968869650,00000000-659b-ba36-0493-972c0004511e,,26.39,AED,PROCESSED,,,,
2026-09-25T08:27:50.125,2026-09-25T12:27:50.125,US100,TRADE,Trade closed,139859968869649,00000000-659b-b902-0493-972c0004511e,,27.16,AED,PROCESSED,,,,
2026-09-25T08:24:55.979,2026-09-25T12:24:55.979,US100,TRADE,Trade closed,139859785367606,00000000-659b-a6aa-0493-972c0004511e,,25.23,AED,PROCESSED,,,,
2026-09-25T08:24:55.979,2026-09-25T12:24:55.979,US100,TRADE,Trade closed,139859785367612,00000000-659b-aea0-0493-972c0004511e,,26.95,AED,PROCESSED,,,,
2026-09-25T07:54:39.217,2026-09-25T11:54:39.217,OIL_CRUDE,TRADE,Trade closed,139857881139358,00000000-659b-9b50-0493-972c0004511e,,-12.23,AED,PROCESSED,,,,
2026-09-25T07:52:34.976,2026-09-25T11:52:34.976,OIL_CRUDE,TRADE,Trade closed,139857750066659,00000000-659b-9ca4-0493-972c0004511e,,-12.54,AED,PROCESSED,,,,
2026-09-25T07:26:33.746,2026-09-25T11:26:33.746,OIL_CRUDE,TRADE,Trade closed,139856113230117,00000000-659b-9f26-0493-972c0004511e,,-13.28,AED,PROCESSED,,,,
